entry_date,exit_date,entry_price,exit_price,peak_price,hold_days,gross_return,net_return,exit_reason
2015-02-18,2015-04-06,16.25,17.094999313354492,17.325000762939453,32,0.051999957744891745,0.04999995774489174,model_exit
2015-04-21,2015-05-13,16.00200080871582,17.207000732421875,17.207000732421875,16,0.07530307854063634,0.07330307854063633,model_exit
2015-06-04,2015-06-23,16.089000701904297,15.732000350952148,16.200000762939453,13,-0.02218909412502501,-0.024189094125025012,model_exit
2015-07-08,2015-08-14,15.147000312805176,15.210000038146973,15.585000038146973,27,0.004159221234618871,0.0021592212346188706,model_exit
2015-08-28,2015-09-01,14.53499984741211,14.61299991607666,14.71500015258789,2,0.005366361849562518,0.0033663618495625176,model_exit
2015-11-09,2016-02-05,14.418000221252441,14.763999938964844,14.899999618530273,60,0.023997760604996587,0.021997760604996586,max_hold
2016-02-22,2016-04-14,15.178999900817871,16.16900062561035,16.322999954223633,37,0.06522173603408077,0.06322173603408077,model_exit
2016-04-28,2016-05-02,17.55299949645996,17.6560001373291,18.030000686645508,2,0.005867979480653096,0.003867979480653096,model_exit
2016-06-07,2016-06-09,16.37700080871582,17.253000259399414,17.253000259399414,2,0.05348961393574503,0.05148961393574503,model_exit
2016-06-28,2016-07-07,17.839000701904297,19.79800033569336,21.094999313354492,6,0.10981554777224378,0.10781554777224378,model_exit
2016-08-01,2016-08-03,20.46500015258789,20.43600082397461,20.75,2,-0.0014170206888375336,-0.0034170206888375337,model_exit
2016-09-12,2016-09-22,18.915000915527344,20.020000457763672,20.020000457763672,8,0.05841921695754371,0.056419216957543705,model_exit
2016-10-06,2016-11-21,17.288000106811523,16.511999130249023,18.799999237060547,30,-0.04488668277233254,-0.046886682772332544,model_exit
2016-12-15,2017-01-06,15.897000312805176,16.465999603271484,16.709999084472656,14,0.035792871565082374,0.03379287156508237,model_exit
2017-03-08,2017-03-21,17.256999969482422,17.549999237060547,17.549999237060547,9,0.016978574960669235,0.014978574960669235,model_exit
2017-05-05,2017-05-15,16.21500015258789,16.56100082397461,16.735000610351562,6,0.021338308241181103,0.0193383082411811,model_exit
2017-06-12,2017-07-20,16.913999557495117,16.298999786376953,17.18000030517578,27,-0.03636039891260601,-0.03836039891260601,model_exit
2017-10-26,2017-10-30,16.763999938964844,16.802000045776367,16.844999313354492,2,0.002266768489016746,0.00026676848901674606,model_exit
2017-11-13,2017-11-17,17.023000717163086,17.357999801635742,17.357999801635742,4,0.019679202864328227,0.017679202864328225,model_exit
2017-12-04,2017-12-26,16.284000396728516,16.520000457763672,16.520000457763672,15,0.014492757018267355,0.012492757018267355,model_exit
2018-04-03,2018-04-09,16.347000122070312,16.499000549316406,16.499000549316406,4,0.009298368270082458,0.007298368270082458,model_exit
2018-05-02,2018-05-04,16.291000366210938,16.43400001525879,16.530000686645508,2,0.008777831062139363,0.006777831062139363,model_exit
2018-05-22,2018-05-25,16.507999420166016,16.481000900268555,16.621000289916992,3,-0.0016354810301532074,-0.0036354810301532075,model_exit
2018-06-19,2018-07-31,16.30299949645996,15.5,16.43899917602539,29,-0.04925470902666251,-0.051254709026662515,model_exit
2018-08-21,2018-08-28,14.75100040435791,14.767000198364258,14.843999862670898,5,0.001084658231154334,-0.000915341768845666,model_exit
2018-09-12,2018-09-13,14.192000389099121,14.142999649047852,14.255000114440918,1,-0.0034527014309347903,-0.00545270143093479,model_exit
2018-09-27,2018-10-05,14.201000213623047,14.569000244140625,14.739999771118164,6,0.025913669810704976,0.023913669810704974,model_exit
2018-10-19,2018-12-07,14.579000473022461,14.571999549865723,14.729000091552734,33,-0.00048020597637632445,-0.0024802059763763245,model_exit
2019-01-28,2019-02-01,15.708999633789062,15.880000114440918,16.139999389648438,4,0.010885510512333552,0.008885510512333552,model_exit
2019-02-20,2019-02-21,16.156999588012695,15.791000366210938,16.156999588012695,1,-0.022652672596049528,-0.02465267259604953,model_exit
2019-04-22,2019-06-06,14.956999778747559,14.868000030517578,15.03499984741211,32,-0.005950374376313072,-0.007950374376313072,model_exit
2019-07-09,2019-07-12,15.067999839782715,15.16100025177002,15.229999542236328,3,0.006172047582703399,0.004172047582703399,model_exit
2019-08-07,2019-08-08,17.1560001373291,16.900999069213867,17.1560001373291,1,-0.014863666709840295,-0.016863666709840297,model_exit
2019-08-23,2019-08-29,17.395000457763672,18.16699981689453,18.614999771118164,4,0.04438053111900353,0.04238053111900353,model_exit
2019-10-15,2019-10-24,17.308000564575195,17.73900032043457,17.73900032043457,7,0.02490176460598903,0.022901764605989028,model_exit
2019-11-08,2019-11-20,16.783000946044922,17.100000381469727,17.10300064086914,8,0.01888812593432565,0.01688812593432565,model_exit
2019-12-10,2019-12-11,16.59600067138672,16.743999481201172,16.829999923706055,1,0.008917739444878281,0.006917739444878281,model_exit
2020-02-28,2020-03-03,16.386999130249023,17.128999710083008,17.795000076293945,2,0.04527983274645542,0.043279832746455416,model_exit
2020-03-17,2020-04-14,12.468999862670898,16.07200050354004,16.07200050354004,19,0.28895666697821,0.28695666697821,model_exit
2020-04-28,2020-05-08,15.161999702453613,15.739999771118164,15.800000190734863,8,0.03812162511591488,0.03612162511591488,model_exit
2020-07-08,2020-07-09,19.08099937438965,18.881999969482422,19.364999771118164,1,-0.010429191941294325,-0.012429191941294325,model_exit
2020-07-27,2020-07-28,24.47599983215332,24.266000747680664,26.020000457763672,1,-0.00857979595982783,-0.01057979595982783,model_exit
2020-09-29,2020-10-09,24.3799991607666,25.069000244140625,25.235000610351562,8,0.02826091497504213,0.026260914975042127,model_exit
2020-10-30,2020-11-02,23.617000579833984,24.006000518798828,24.200000762939453,1,0.016471183021310676,0.014471183021310676,model_exit
2020-11-30,2020-12-01,22.534000396728516,24.033000946044922,24.094999313354492,1,0.06652172374746335,0.06452172374746334,model_exit
2021-01-26,2021-01-27,25.52899932861328,25.375999450683594,25.52899932861328,1,-0.005993179597846732,-0.007993179597846732,model_exit
2021-02-16,2021-02-23,27.319000244140625,27.68600082397461,28.100000381469727,5,0.013433894965197313,0.011433894965197313,model_exit
2021-03-12,2021-03-15,25.8799991607666,26.253000259399414,26.334999084472656,1,0.014412716797853387,0.012412716797853387,model_exit
2021-03-31,2021-04-13,24.517000198364258,25.41699981689453,25.569000244140625,8,0.03670920631596353,0.034709206315963526,model_exit
2021-06-23,2021-06-28,26.107999801635742,26.218000411987305,26.218000411987305,3,0.004213291373805994,0.002213291373805994,model_exit
2021-07-21,2021-07-22,25.238000869750977,25.364999771118164,25.364999771118164,1,0.005032050756421214,0.0030320507564212135,model_exit
2021-08-10,2021-10-21,23.37700080871582,24.149999618530273,24.809999465942383,51,0.03306663742451721,0.031066637424517207,model_exit
2021-11-04,2021-11-08,23.9060001373291,24.53700065612793,24.55500030517578,2,0.026395068818456435,0.024395068818456433,model_exit
2021-11-30,2021-12-09,22.764999389648438,21.974000930786133,23.260000228881836,7,-0.03474625434086254,-0.03674625434086254,model_exit
2022-02-10,2022-02-11,23.518999099731445,23.365999221801758,23.518999099731445,1,-0.006505373688773797,-0.008505373688773797,model_exit
2022-03-01,2022-03-02,25.534000396728516,25.183000564575195,25.565000534057617,1,-0.013746370592141566,-0.015746370592141568,model_exit
2022-05-09,2022-08-04,21.781999588012695,20.099000930786133,22.40999984741211,60,-0.07726557198875206,-0.07926557198875206,max_hold
2022-08-18,2022-09-20,19.447999954223633,19.101999282836914,19.889999389648438,22,-0.01779106706093836,-0.01979106706093836,model_exit
2022-12-01,2022-12-05,22.636999130249023,22.198999404907227,23.459999084472656,2,-0.01934884225694533,-0.021348842256945333,model_exit
2022-12-20,2022-12-21,24.0939998626709,24.03499984741211,24.170000076293945,1,-0.0024487430727597737,-0.004448743072759774,model_exit
2023-01-13,2023-01-17,24.231000900268555,23.944000244140625,24.315000534057617,1,-0.011844358279263223,-0.013844358279263223,model_exit
2023-02-27,2023-03-06,20.670000076293945,20.983999252319336,21.219999313354492,5,0.015191058290585646,0.013191058290585646,model_exit
2023-04-04,2023-04-05,25.02199935913086,24.96299934387207,25.145000457763672,1,-0.0023579256961837602,-0.00435792569618376,model_exit
2023-05-04,2023-05-05,26.03499984741211,25.743000030517578,26.200000762939453,1,-0.011215664244513368,-0.013215664244513368,model_exit
2023-09-19,2023-09-20,23.194000244140625,23.57900047302246,23.57900047302246,1,0.016599130155614095,0.014599130155614095,model_exit
2023-10-04,2023-10-06,20.95599937438965,21.540000915527344,21.540000915527344,2,0.027867988097547203,0.0258679880975472,model_exit
2023-10-20,2023-10-23,23.35099983215332,23.07200050354004,23.6299991607666,1,-0.011948067775201299,-0.013948067775201299,model_exit
2023-11-13,2023-11-28,22.298999786376953,24.93000030517578,24.93000030517578,10,0.11798737808886717,0.11598737808886717,model_exit
2023-12-12,2023-12-15,22.72800064086914,23.8700008392334,24.204999923706055,3,0.050246399426385535,0.04824639942638553,model_exit
2024-01-02,2024-01-08,23.732999801635742,23.1200008392334,24.06999969482422,4,-0.0258289709487165,-0.027828970948716503,model_exit
2024-02-12,2024-02-21,22.708999633789062,22.85099983215332,23.43899917602539,6,0.0062530362699453335,0.004253036269945333,model_exit
2024-04-02,2024-04-16,25.804000854492188,28.31800079345703,29.80500030517578,10,0.09742674995018019,0.09542674995018019,model_exit
2024-05-15,2024-05-21,29.513999938964844,31.868000030517578,32.5,4,0.07975876182221397,0.07775876182221397,model_exit
2024-08-07,2024-08-22,26.829999923706055,29.006000518798828,29.954999923706055,11,0.08110326504958865,0.07910326504958864,model_exit
2024-10-18,2024-10-23,33.03200149536133,33.63999938964844,34.834999084472656,3,0.01840632921902996,0.016406329219029958,model_exit
2024-11-27,2024-12-02,30.111000061035156,30.448999404907227,30.950000762939453,2,0.011225111859019865,0.009225111859019865,model_exit
2024-12-23,2024-12-24,29.88800048828125,29.974000930786133,29.989999771118164,1,0.002877423752003949,0.0008774237520039491,model_exit
2025-01-09,2025-01-13,30.791000366210938,30.090999603271484,31.53499984741211,2,-0.022733940262220642,-0.024733940262220644,model_exit
2025-01-28,2025-01-31,30.726999282836914,32.12799835205078,32.7599983215332,3,0.04559505001832109,0.04359505001832109,model_exit
2025-03-27,2025-03-28,34.89699935913086,34.64400100708008,35.26499938964844,1,-0.007249859778691414,-0.009249859778691414,model_exit
2025-04-11,2025-04-14,31.823999404907227,32.09199905395508,32.09199905395508,1,0.00842130637441274,0.00642130637441274,model_exit
2025-05-21,2025-05-23,33.4630012512207,33.44200134277344,33.57500076293945,2,-0.0006275560368781408,-0.002627556036878141,model_exit
2025-06-09,2025-06-10,36.6879997253418,36.54199981689453,36.6879997253418,1,-0.0039795003690653585,-0.005979500369065359,model_exit
2025-07-11,2025-07-14,38.67599868774414,38.46200180053711,39.13999938964844,1,-0.005533066875267112,-0.007533066875267112,model_exit
2025-08-29,2025-09-04,40.20000076293945,40.9109992980957,41.71500015258789,3,0.01768653038961432,0.015686530389614317,model_exit
2025-09-19,2025-09-24,42.5359992980957,43.777000427246094,44.29999923706055,3,0.029175313843066375,0.027175313843066373,model_exit
2025-10-08,2025-10-09,48.65599822998047,46.849998474121094,49.4900016784668,1,-0.0371177207653417,-0.0391177207653417,model_exit
2025-11-12,2025-11-13,53.332000732421875,53.07400131225586,54.20000076293945,1,-0.004837610001928394,-0.006837610001928394,model_exit
2025-11-28,2025-12-02,56.44599914550781,57.983001708984375,58.474998474121094,2,0.02722961036643956,0.02522961036643956,model_exit
2025-12-17,2025-12-18,66.23699951171875,64.59200286865234,66.4749984741211,1,-0.024835011476861513,-0.026835011476861514,model_exit
2026-01-06,2026-01-07,80.52999877929688,77.13500213623047,80.9000015258789,1,-0.04215816086587609,-0.044158160865876095,model_exit
2026-01-22,2026-01-27,95.97599792480469,105.52300262451172,117.19499969482422,3,0.09947283598120982,0.09747283598120982,model_exit
2026-02-10,2026-02-23,80.21800231933594,86.52300262451172,87.91500091552734,8,0.07859832111097109,0.07659832111097109,model_exit
2026-03-24,2026-04-20,69.27400207519531,79.95099639892578,82.83000183105469,18,0.15412700297206516,0.15212700297206516,model_exit
