Date,p_up_gold
2013-04-01,0.5473495399053959
2013-04-02,0.6085075236790062
2013-04-03,0.5954447110611369
2013-04-04,0.6001309308332894
2013-04-05,0.6024401904144988
2013-04-08,0.6085075236790062
2013-04-09,0.6248289069280695
2013-04-10,0.6099564653504826
2013-04-11,0.6018718470845323
2013-04-12,0.6039203453971459
2013-04-15,0.568633228513008
2013-04-16,0.5641737656525818
2013-04-17,0.5656227073240582
2013-04-18,0.5641737656525818
2013-04-19,0.5641737656525818
2013-04-22,0.5586895512756063
2013-04-23,0.5709273644324491
2013-04-24,0.5641737656525818
2013-04-25,0.563994208383997
2013-04-26,0.563207320944782
2013-04-29,0.5671360909097516
2013-04-30,0.5563772418765299
2013-05-01,0.574306224629124
2013-05-02,0.5813017039824858
2013-05-03,0.4915312568637572
2013-05-06,0.5106784295811366
2013-05-07,0.5151378924415627
2013-05-08,0.5157381662286505
2013-05-09,0.5038624047489813
2013-05-10,0.5759970468740951
2013-05-13,0.5709380273725317
2013-05-14,0.5635742090114446
2013-05-15,0.5789244144533034
2013-05-16,0.501119331476389
2013-05-17,0.49443516168638135
2013-05-20,0.5782115215853462
2013-05-21,0.5782115215853462
2013-05-22,0.5782115215853462
2013-05-23,0.5778431825776209
2013-05-24,0.5641737656525818
2013-05-28,0.594557651145741
2013-05-29,0.5622810928106915
2013-05-30,0.5449355091980526
2013-05-31,0.6258783140267002
2013-06-03,0.5816677257619124
2013-06-04,0.5859455790070699
2013-06-05,0.5728137231111372
2013-06-06,0.5700654978215378
2013-06-07,0.5729865256851453
2013-06-10,0.5649587611463477
2013-06-11,0.5645421046603071
2013-06-12,0.5619264295232037
2013-06-13,0.6181620170224249
2013-06-14,0.6196074850574774
2013-06-17,0.6115872541875662
2013-06-18,0.6187615736635621
2013-06-19,0.6196074850574774
2013-06-20,0.5782115215853462
2013-06-21,0.5645421046603071
2013-06-24,0.62921402818103
2013-06-25,0.6868405679233802
2013-06-26,0.6785220295549446
2013-06-27,0.6785220295549446
2013-06-28,0.643322878839557
2013-07-01,0.6781705923898208
2013-07-02,0.7036147170282936
2013-07-03,0.7703403532733538
2013-07-05,0.703536704228725
2013-07-08,0.73981048214114
2013-07-09,0.6562861576457782
2013-07-10,0.719099306821183
2013-07-11,0.7080810678952847
2013-07-12,0.7245476411476552
2013-07-15,0.7080810678952847
2013-07-16,0.7080810678952847
2013-07-17,0.7155505880839551
2013-07-18,0.6676049051448151
2013-07-19,0.6534910303816827
2013-07-22,0.4469383209669197
2013-07-23,0.4725616702340162
2013-07-24,0.5471810401486964
2013-07-25,0.3899310667309643
2013-07-26,0.38833962173606096
2013-07-29,0.3517075596758312
2013-07-30,0.3579768823195514
2013-07-31,0.5148186917157311
2013-08-01,0.5148186917157311
2013-08-02,0.4986424619598607
2013-08-05,0.5148186917157311
2013-08-06,0.5574463436557288
2013-08-07,0.5654128402533941
2013-08-08,0.5468540034139113
2013-08-09,0.49702358527065194
2013-08-12,0.508864416953099
2013-08-13,0.5334966389250078
2013-08-14,0.540537778866218
2013-08-15,0.6729876546842494
2013-08-16,0.6974793632593498
2013-08-19,0.7077624119620968
2013-08-20,0.7077299074969303
2013-08-21,0.6872069705379162
2013-08-22,0.7031936797513638
2013-08-23,0.6809087475941993
2013-08-26,0.6641634790928472
2013-08-27,0.6409220517223333
2013-08-28,0.6290688105903867
2013-08-29,0.6462236300295607
2013-08-30,0.6177827837186767
2013-09-03,0.6086798080925923
2013-09-04,0.5923000303701105
2013-09-05,0.6755078892933937
2013-09-06,0.6319443891511076
2013-09-09,0.6466952497801173
2013-09-10,0.6720147077064133
2013-09-11,0.6545076513927917
2013-09-12,0.5186276832699166
2013-09-13,0.5253729935324454
2013-09-16,0.6045326496098196
2013-09-17,0.611446079261922
2013-09-18,0.616762909006182
2013-09-19,0.7028223647574803
2013-09-20,0.5983526866344814
2013-09-23,0.5745171031243855
2013-09-24,0.575966044795862
2013-09-25,0.6157833608835075
2013-09-26,0.5809938615700768
2013-09-27,0.6084928614629002
2013-09-30,0.5809938615700768
2013-10-01,0.6730389059256376
2013-10-02,0.558473178549694
2013-10-03,0.5789347003173805
2013-10-04,0.7056287412906013
2013-10-07,0.558473178549694
2013-10-08,0.5728831731219983
2013-10-09,0.544735549590737
2013-10-10,0.5673641731223469
2013-10-11,0.5999206166674738
2013-10-14,0.5919374338883806
2013-10-15,0.5904853385292882
2013-10-16,0.5702041056163129
2013-10-17,0.5667476300925762
2013-10-18,0.5794485583997525
2013-10-21,0.5723886389371617
2013-10-22,0.567493894680099
2013-10-23,0.5752337191006159
2013-10-24,0.5472239540781821
2013-10-25,0.5169583471325547
2013-10-28,0.48142895737213875
2013-10-29,0.36354796785077687
2013-10-30,0.43435215420158163
2013-10-31,0.33967682193737986
2013-11-01,0.5356340658772081
2013-11-04,0.3458585935839852
2013-11-05,0.5293351989552213
2013-11-06,0.5556538767659505
2013-11-07,0.46217911785664034
2013-11-08,0.5633741241502835
2013-11-11,0.5633741241502835
2013-11-12,0.5600632430433425
2013-11-13,0.5588297604837239
2013-11-14,0.5507464293944039
2013-11-15,0.548203335033297
2013-11-18,0.5862111888482058
2013-11-19,0.6325348925965905
2013-11-20,0.5593178692354486
2013-11-21,0.6728562880208435
2013-11-22,0.6585691998826402
2013-11-25,0.66941746890831
2013-11-26,0.6895947253601146
2013-11-27,0.6878446095449591
2013-11-29,0.7556407953939536
2013-12-02,0.6648731052417503
2013-12-03,0.6738838197753012
2013-12-04,0.6727545689618798
2013-12-05,0.683950632632651
2013-12-06,0.7291637985120224
2013-12-09,0.7708841982766574
2013-12-10,0.6070667672796004
2013-12-11,0.5724413649810473
2013-12-12,0.594015669476768
2013-12-13,0.5368215595622201
2013-12-16,0.5349243274563397
2013-12-17,0.5625533424204802
2013-12-18,0.5418698127544547
2013-12-19,0.5880671004696272
2013-12-20,0.5919374338883806
2013-12-23,0.5204021678039268
2013-12-24,0.574809864041531
2013-12-26,0.561980378502941
2013-12-27,0.6401813165975236
2013-12-30,0.5835129422268901
2013-12-31,0.6045088326976653
2014-01-02,0.5499304673415799
2014-01-03,0.5354860706125915
2014-01-06,0.5354860706125915
2014-01-07,0.5494724163387412
2014-01-08,0.5412042419054346
2014-01-09,0.551275244955414
2014-01-10,0.4710046181502928
2014-01-13,0.49040674129473916
2014-01-14,0.5891363838062587
2014-01-15,0.5968731500779824
2014-01-16,0.5833856233048497
2014-01-17,0.4411190480110797
2014-01-21,0.43854749645793367
2014-01-22,0.42600323189586664
2014-01-23,0.43953038539947437
2014-01-24,0.46972969926968416
2014-01-27,0.5440583800856793
2014-01-28,0.5563390782595911
2014-01-29,0.5224945316284618
2014-01-30,0.5339469310879743
2014-01-31,0.44081609294872076
2014-02-03,0.5952505617786852
2014-02-04,0.4799601703578575
2014-02-05,0.6102228463600573
2014-02-06,0.6182573496393705
2014-02-07,0.604979414694336
2014-02-10,0.6899281335220552
2014-02-11,0.7112184534915086
2014-02-12,0.7108070929699128
2014-02-13,0.704963628897226
2014-02-14,0.7047809932574965
2014-02-18,0.6773490363387155
2014-02-19,0.6911891899499325
2014-02-20,0.662643129213156
2014-02-21,0.6599355223138345
2014-02-24,0.6632656616304228
2014-02-25,0.648299991229306
2014-02-26,0.6483628334491449
2014-02-27,0.6426074010127076
2014-02-28,0.6155050112584015
2014-03-03,0.6014326309645266
2014-03-04,0.6345848321737554
2014-03-05,0.6553172488977176
2014-03-06,0.6498818282699141
2014-03-07,0.6653911472739669
2014-03-10,0.6316407263953826
2014-03-11,0.6535495932267399
2014-03-12,0.6781562140766142
2014-03-13,0.6645388208449552
2014-03-14,0.6766338301520046
2014-03-17,0.686535736918182
2014-03-18,0.6430991934728676
2014-03-19,0.6484454815838754
2014-03-20,0.6669164237540117
2014-03-21,0.6658760966407402
2014-03-24,0.6340425891410526
2014-03-25,0.6515369473362169
2014-03-26,0.6831864523179064
2014-03-27,0.6959231591489741
2014-03-28,0.6221186174704728
2014-03-31,0.612083336020931
2014-04-01,0.6109575731065864
2014-04-02,0.5877936863517708
2014-04-03,0.6398185490642753
2014-04-04,0.6134522625931131
2014-04-07,0.6236808182890418
2014-04-08,0.6161939113688099
2014-04-09,0.6143232031504724
2014-04-10,0.6202973656188503
2014-04-11,0.6296640310426761
2014-04-14,0.6129581503169114
2014-04-15,0.6379863215401862
2014-04-16,0.6296640310426761
2014-04-17,0.6268915647426605
2014-04-21,0.6375241299486257
2014-04-22,0.6124880333425841
2014-04-23,0.5955656383571083
2014-04-24,0.5984277143920996
2014-04-25,0.6235363564146006
2014-04-28,0.636103982703269
2014-04-29,0.6372837158361437
2014-04-30,0.6328242529757176
2014-05-01,0.5571448020630245
2014-05-02,0.5722744535881916
2014-05-05,0.5720164033423307
2014-05-06,0.5745307635073986
2014-05-07,0.6179162930465631
2014-05-08,0.6180738506784412
2014-05-09,0.5904243101744673
2014-05-12,0.6205083242094854
2014-05-13,0.6330713569500104
2014-05-14,0.5873073578006276
2014-05-15,0.6290883476386816
2014-05-16,0.6123160285290415
2014-05-19,0.6403795355819756
2014-05-20,0.6304768857715096
2014-05-21,0.6187307212234344
2014-05-22,0.630374665690176
2014-05-23,0.6207008481875997
2014-05-27,0.5568832720643166
2014-05-28,0.5644633950369878
2014-05-29,0.586300114333233
2014-05-30,0.5790740922760345
2014-06-02,0.5792275523547132
2014-06-03,0.5604175599656532
2014-06-04,0.6117000013886371
2014-06-05,0.5573148354660455
2014-06-06,0.5932346285227639
2014-06-09,0.6403828784712151
2014-06-10,0.6292935501251324
2014-06-11,0.6773456502133453
2014-06-12,0.6308933865978467
2014-06-13,0.630374665690176
2014-06-16,0.63501854071476
2014-06-17,0.6141210129035359
2014-06-18,0.5879051272806695
2014-06-19,0.7133078161898438
2014-06-20,0.7150204470209739
2014-06-23,0.7158323888795937
2014-06-24,0.7321991951640177
2014-06-25,0.7363502036734385
2014-06-26,0.6356264689268543
2014-06-27,0.6098408954541978
2014-06-30,0.6098408954541978
2014-07-01,0.6561831028790569
2014-07-02,0.6656852629971728
2014-07-03,0.6403464832543997
2014-07-07,0.5607205234840963
2014-07-08,0.5736624088059943
2014-07-09,0.677966085972354
2014-07-10,0.6637182969052964
2014-07-11,0.7074461544871752
2014-07-14,0.6107865461875257
2014-07-15,0.5983728338579406
2014-07-16,0.6063478613339769
2014-07-17,0.6266836274531825
2014-07-18,0.5936632019066813
2014-07-21,0.5710488364311328
2014-07-22,0.6196575245031993
2014-07-23,0.6269838579562619
2014-07-24,0.625107876362353
2014-07-25,0.6558014899471327
2014-07-28,0.6255848547272143
2014-07-29,0.6246858472745792
2014-07-30,0.6252045681822499
2014-07-31,0.6343079060672601
2014-08-01,0.6291140968238347
2014-08-04,0.635181430088342
2014-08-05,0.6634108864663378
2014-08-06,0.5934292039513261
2014-08-07,0.6787431019147244
2014-08-08,0.6671244288862959
2014-08-11,0.6259152028297498
2014-08-12,0.6259152028297498
2014-08-13,0.5895870984444944
2014-08-14,0.6192802945712328
2014-08-15,0.6194384443840586
2014-08-18,0.6074570133497195
2014-08-19,0.6137394689413921
2014-08-20,0.6649716841973149
2014-08-21,0.630374665690176
2014-08-22,0.6215565297014238
2014-08-25,0.6267307734221237
2014-08-26,0.62187151349618
2014-08-27,0.6188701010540921
2014-08-28,0.6249852980860771
2014-08-29,0.625505777648566
2014-09-02,0.5921802794433236
2014-09-03,0.5941466196629797
2014-09-04,0.5986909833295394
2014-09-05,0.6597650838484401
2014-09-08,0.593461325310038
2014-09-09,0.5744452747134
2014-09-10,0.6320081212359339
2014-09-11,0.62076285510653
2014-09-12,0.6397810352522028
2014-09-15,0.590252583132523
2014-09-16,0.5550951588934481
2014-09-17,0.6092705284771633
2014-09-18,0.5974747343620416
2014-09-19,0.5961967319097786
2014-09-22,0.599343804042298
2014-09-23,0.5270072137985233
2014-09-24,0.6154771841402926
2014-09-25,0.5619295278822475
2014-09-26,0.68466454486575
2014-09-29,0.6271698630306679
2014-09-30,0.6696990208819289
2014-10-01,0.6517953372221786
2014-10-02,0.6438438526434733
2014-10-03,0.6635748800490165
2014-10-06,0.5873798456087715
2014-10-07,0.5632755341507902
2014-10-08,0.49889298511524816
2014-10-09,0.6298282215194615
2014-10-10,0.6551698538396531
2014-10-13,0.630059268480786
2014-10-14,0.62207225603343
2014-10-15,0.5815070851302415
2014-10-16,0.5613058697167317
2014-10-17,0.5885653494644103
2014-10-20,0.44453501581631805
2014-10-21,0.4089899116197282
2014-10-22,0.5127107312062635
2014-10-23,0.5891599843071373
2014-10-24,0.47586583941364113
2014-10-27,0.49109675766012567
2014-10-28,0.47576487129357037
2014-10-29,0.5701649652533186
2014-10-30,0.5825994338673073
2014-10-31,0.5394880270769754
2014-11-03,0.5600044993489994
2014-11-04,0.5235466635358348
2014-11-05,0.5519560347526622
2014-11-06,0.5800962783649696
2014-11-07,0.5873637314494983
2014-11-10,0.654527572837364
2014-11-11,0.7277254815990123
2014-11-12,0.7658603691474164
2014-11-13,0.7471324013618585
2014-11-14,0.6594801004272925
2014-11-17,0.671148272259354
2014-11-18,0.6509086750472219
2014-11-19,0.6651339679530388
2014-11-20,0.666418379286843
2014-11-21,0.580199537578184
2014-11-24,0.5933273158038284
2014-11-25,0.6064290918560624
2014-11-26,0.5666505130675576
2014-11-28,0.6208373259999809
2014-12-01,0.5369113091436482
2014-12-02,0.5992898621579885
2014-12-03,0.5011970901624444
2014-12-04,0.4287269037048576
2014-12-05,0.47092242994311506
2014-12-08,0.4582755801462314
2014-12-09,0.6808640967484396
2014-12-10,0.5421386462478417
2014-12-11,0.5871950697601367
2014-12-12,0.5770337956898868
2014-12-15,0.5620387316446451
2014-12-16,0.4173313025877129
2014-12-17,0.4639707251139541
2014-12-18,0.4789525915480876
2014-12-19,0.4996277251955822
2014-12-22,0.6185683188544058
2014-12-23,0.5785891960402688
2014-12-24,0.5760014281740713
2014-12-26,0.5817933739557186
2014-12-29,0.6185683188544058
2014-12-30,0.644653547690281
2014-12-31,0.6867881329913836
2015-01-02,0.627793760967535
2015-01-05,0.6043822677098742
2015-01-06,0.6113062270439849
2015-01-07,0.6197112575181285
2015-01-08,0.664950977990524
2015-01-09,0.6697630287036038
2015-01-12,0.6763933943855338
2015-01-13,0.710732842196654
2015-01-14,0.7361419844995072
2015-01-15,0.6831627252773707
2015-01-16,0.6773472993123103
2015-01-20,0.6303408889744785
2015-01-21,0.6172595428100225
2015-01-22,0.5368068127305662
2015-01-23,0.6224368218492536
2015-01-26,0.5998002320668615
2015-01-27,0.5921521848908875
2015-01-28,0.5605680705724809
2015-01-29,0.6839860784693517
2015-01-30,0.6088101886127529
2015-02-02,0.628829474852653
2015-02-03,0.676987518456018
2015-02-04,0.6682642137620586
2015-02-05,0.6975881436875765
2015-02-06,0.5834302799589306
2015-02-09,0.5852379510981199
2015-02-10,0.511082383764801
2015-02-11,0.5350449319246285
2015-02-12,0.6004625820412197
2015-02-13,0.6505382340460903
2015-02-17,0.649657621042109
2015-02-18,0.5781472924177002
2015-02-19,0.6094076880221373
2015-02-20,0.6169889193123417
2015-02-23,0.6400564285201055
2015-02-24,0.6881014797053566
2015-02-25,0.6308348743812493
2015-02-26,0.6246281299405281
2015-02-27,0.6263464090263864
2015-03-02,0.5896690565937952
2015-03-03,0.5900373956015205
2015-03-04,0.6705680763158572
2015-03-05,0.6667199040180671
2015-03-06,0.682707178842685
2015-03-09,0.679585500683588
2015-03-10,0.6596576617399077
2015-03-11,0.6648731052417503
2015-03-12,0.6833782586779679
2015-03-13,0.6794955489692962
2015-03-16,0.6798614267658658
2015-03-17,0.7070892721338542
2015-03-18,0.7008467210763915
2015-03-19,0.6945009989665503
2015-03-20,0.6171561152036675
2015-03-23,0.5884164265911379
2015-03-24,0.5992081977132369
2015-03-25,0.6212436184577166
2015-03-26,0.542437641173408
2015-03-27,0.5696477837846009
2015-03-30,0.5987635257793426
2015-03-31,0.5994771126515488
2015-04-01,0.498731541842932
2015-04-02,0.5980042829918244
2015-04-06,0.5622503723735293
2015-04-07,0.4804588803547471
2015-04-08,0.5065164426143921
2015-04-09,0.510425971255977
2015-04-10,0.5265130003621106
2015-04-13,0.5131459201648007
2015-04-14,0.5174671742369344
2015-04-15,0.5164115670803354
2015-04-16,0.5638859306766737
2015-04-17,0.5253571499951931
2015-04-20,0.5176397887123121
2015-04-21,0.5071028733066882
2015-04-22,0.5438547245810856
2015-04-23,0.5292120983030996
2015-04-24,0.5569762458142902
2015-04-27,0.6254071708385057
2015-04-28,0.6052201317005269
2015-04-29,0.6309140554752511
2015-04-30,0.6377152319745945
2015-05-01,0.6316300834274128
2015-05-04,0.6408679506130917
2015-05-05,0.6215686352117943
2015-05-06,0.617140433702376
2015-05-07,0.6798945893382982
2015-05-08,0.6381490601536651
2015-05-11,0.6779949362715979
2015-05-12,0.6264339237374205
2015-05-13,0.7009359453461506
2015-05-14,0.7124011956408447
2015-05-15,0.705154647496378
2015-05-18,0.6988092758609435
2015-05-19,0.5348355672314945
2015-05-20,0.540406996323056
2015-05-21,0.5422071557841309
2015-05-22,0.611397755302475
2015-05-26,0.5271948027178346
2015-05-27,0.6408288613284125
2015-05-28,0.6408679506130917
2015-05-29,0.6364084877526655
2015-06-01,0.6471693196435473
2015-06-02,0.6793722349975881
2015-06-03,0.6807900501069533
2015-06-04,0.6666628409405628
2015-06-05,0.6263418364237952
2015-06-08,0.677785508333326
2015-06-09,0.660317803034532
2015-06-10,0.6596643000311643
2015-06-11,0.6895275041465834
2015-06-12,0.6895275041465834
2015-06-15,0.6913763643051255
2015-06-16,0.7310226185129499
2015-06-17,0.7353962686851195
2015-06-18,0.647165712876863
2015-06-19,0.645067940266222
2015-06-22,0.6469115006499823
2015-06-23,0.6563063707563634
2015-06-24,0.6820188973594784
2015-06-25,0.6820188973594784
2015-06-26,0.665031041127522
2015-06-29,0.6445707011457128
2015-06-30,0.6338637555109794
2015-07-01,0.6338637555109794
2015-07-02,0.6139333514119305
2015-07-06,0.6434751912257823
2015-07-07,0.6297570763490185
2015-07-08,0.6357647111958278
2015-07-09,0.614595530108996
2015-07-10,0.6376239524225337
2015-07-13,0.6316891165633747
2015-07-14,0.6536491430104718
2015-07-15,0.5963492638071158
2015-07-16,0.5963492638071158
2015-07-17,0.5896590449505853
2015-07-20,0.6571976498670186
2015-07-21,0.6733331194233709
2015-07-22,0.6722593371561439
2015-07-23,0.6616863227729977
2015-07-24,0.6722593371561439
2015-07-27,0.6624474045639033
2015-07-28,0.6756967952211282
2015-07-29,0.6864219354314829
2015-07-30,0.7316591241743646
2015-07-31,0.7587376501983705
2015-08-03,0.6733103629376367
2015-08-04,0.700061881653424
2015-08-05,0.6946100716540007
2015-08-06,0.6633239627554389
2015-08-07,0.7087816654786689
2015-08-10,0.7593006105795561
2015-08-11,0.7420818278819133
2015-08-12,0.6717693787307837
2015-08-13,0.6635569368385411
2015-08-14,0.6514479040821961
2015-08-17,0.629644138475042
2015-08-18,0.589386748687882
2015-08-19,0.5766122103973329
2015-08-20,0.4816191348265185
2015-08-21,0.5479877269691166
2015-08-24,0.5670274732521321
2015-08-25,0.4084957217788676
2015-08-26,0.5854597729160058
2015-08-27,0.5705243623793981
2015-08-28,0.5936995275860516
2015-08-31,0.6044547593798046
2015-09-01,0.6116543187761634
2015-09-02,0.5860084377374142
2015-09-03,0.5259234476482921
2015-09-04,0.5475857032364497
2015-09-08,0.5762523157012148
2015-09-09,0.5994741704541825
2015-09-10,0.609731538256484
2015-09-11,0.572028545332526
2015-09-14,0.6410559809543919
2015-09-15,0.6248166702201444
2015-09-16,0.6609428965245764
2015-09-17,0.6703448477087321
2015-09-18,0.6421264671536735
2015-09-21,0.6473923365954304
2015-09-22,0.6720663521962169
2015-09-23,0.6477143866793075
2015-09-24,0.667421438490728
2015-09-25,0.6563875184623054
2015-09-28,0.6418391159630872
2015-09-29,0.6404987118680471
2015-09-30,0.6651269369522956
2015-10-01,0.6900088443070319
2015-10-02,0.6672091029292614
2015-10-05,0.6281039198211241
2015-10-06,0.7001246533269189
2015-10-07,0.6875772517217623
2015-10-08,0.6852040962641165
2015-10-09,0.7068202831597818
2015-10-12,0.67746545306724
2015-10-13,0.6413341328856652
2015-10-14,0.6739447170824718
2015-10-15,0.6921911556059105
2015-10-16,0.7043876000566468
2015-10-19,0.6279197704560515
2015-10-20,0.5891677002491982
2015-10-21,0.5954694805743073
2015-10-22,0.534550058315238
2015-10-23,0.5967797142467987
2015-10-26,0.6586484237249105
2015-10-27,0.6634505531957245
2015-10-28,0.6757189754989996
2015-10-29,0.6583921177415882
2015-10-30,0.5771163798412668
2015-11-02,0.5965069691958078
2015-11-03,0.6327567171857404
2015-11-04,0.6424963022959196
2015-11-05,0.6850574515699759
2015-11-06,0.6292397704028019
2015-11-09,0.6841096015230793
2015-11-10,0.6439566369362705
2015-11-11,0.7048017971179161
2015-11-12,0.7220812097717684
2015-11-13,0.6989670070041616
2015-11-16,0.6650710888902895
2015-11-17,0.6655516802801472
2015-11-18,0.6885120463381968
2015-11-19,0.6652852396385842
2015-11-20,0.7015359934513908
2015-11-23,0.7370940678330159
2015-11-24,0.7504860761022709
2015-11-25,0.6473444232386536
2015-11-27,0.6779525022019492
2015-11-30,0.6986951532820314
2015-12-01,0.7104575116616301
2015-12-02,0.7178570156791799
2015-12-03,0.7086834227353984
2015-12-04,0.6845624622779779
2015-12-07,0.6678511168815645
2015-12-08,0.6677125635086818
2015-12-09,0.6645685675531364
2015-12-10,0.630927279025403
2015-12-11,0.5664057384002849
2015-12-14,0.6297743933901662
2015-12-15,0.6321030026329246
2015-12-16,0.5921709124525719
2015-12-17,0.5955590389053581
2015-12-18,0.5810989436891467
2015-12-21,0.6051726553369634
2015-12-22,0.6053658502646054
2015-12-23,0.5925847554539264
2015-12-24,0.6051726553369634
2015-12-28,0.5573456867106519
2015-12-29,0.6010951256003796
2015-12-30,0.54305834068271
2015-12-31,0.5318388232929798
2016-01-04,0.5625319539551905
2016-01-05,0.6051726553369634
2016-01-06,0.6042879042008418
2016-01-07,0.5957198533711404
2016-01-08,0.5024547828484148
2016-01-11,0.5032660595381653
2016-01-12,0.5115781746436268
2016-01-13,0.5175024946632993
2016-01-14,0.5106085205318098
2016-01-15,0.5234064230713671
2016-01-19,0.524962363399413
2016-01-20,0.6301643687878057
2016-01-21,0.6209526529567619
2016-01-22,0.6099170687798419
2016-01-25,0.6668285590361814
2016-01-26,0.6961904699864887
2016-01-27,0.6760858340418023
2016-01-28,0.711165079075623
2016-01-29,0.6574565534876102
2016-02-01,0.666937824231613
2016-02-02,0.6677908743134436
2016-02-03,0.6810426148076094
2016-02-04,0.6828587042644793
2016-02-05,0.6732703987050548
2016-02-08,0.6002933140955291
2016-02-09,0.617794122470303
2016-02-10,0.5795881137123804
2016-02-11,0.4824573312149266
2016-02-12,0.5655981345750305
2016-02-16,0.4877455115637406
2016-02-17,0.44685521912651155
2016-02-18,0.5333948156401089
2016-02-19,0.4177857847185713
2016-02-22,0.39930128944115506
2016-02-23,0.425564595687747
2016-02-24,0.4911216874172357
2016-02-25,0.417410801055769
2016-02-26,0.5485004941129101
2016-02-29,0.5314485763183202
2016-03-01,0.5207824572126217
2016-03-02,0.462592278998892
2016-03-03,0.4621475277057721
2016-03-04,0.46594151653906557
2016-03-07,0.5915660467772395
2016-03-08,0.6224984006992119
2016-03-09,0.5622119096708603
2016-03-10,0.600009728491542
2016-03-11,0.593573372267361
2016-03-14,0.5686795063296797
2016-03-15,0.5897206928823315
2016-03-16,0.5860570913280876
2016-03-17,0.5922916888298484
2016-03-18,0.6023717136081816
2016-03-21,0.6390139670000559
2016-03-22,0.6634359461157804
2016-03-23,0.6654041685145899
2016-03-24,0.6658769719656967
2016-03-28,0.6921664701345205
2016-03-29,0.7018390970559232
2016-03-30,0.716815905527038
2016-03-31,0.6783420622978931
2016-04-01,0.6979243013396428
2016-04-04,0.6944012078603464
2016-04-05,0.7116769708365875
2016-04-06,0.724972344832994
2016-04-07,0.7173116113040046
2016-04-08,0.7051788106668828
2016-04-11,0.6611941468135305
2016-04-12,0.6623849069042639
2016-04-13,0.7032644714594481
2016-04-14,0.6737187034910482
2016-04-15,0.7083634974651687
2016-04-18,0.6740271485276873
2016-04-19,0.6495361388727399
2016-04-20,0.6612031602975983
2016-04-21,0.6719172673202012
2016-04-22,0.7015318418046325
2016-04-25,0.6577895892238143
2016-04-26,0.6721760286049842
2016-04-27,0.644497535780346
2016-04-28,0.642130372120254
2016-04-29,0.6806599505309695
2016-05-02,0.6738436015275714
2016-05-03,0.6932937933594795
2016-05-04,0.6360986754807757
2016-05-05,0.6151119198078906
2016-05-06,0.708880902744794
2016-05-09,0.6584668333374276
2016-05-10,0.6564344143270054
2016-05-11,0.6436586510380871
2016-05-12,0.6824596357933006
2016-05-13,0.6664245666624538
2016-05-16,0.717171854756528
2016-05-17,0.6471370163478203
2016-05-18,0.6672091029292614
2016-05-19,0.6880384274292519
2016-05-20,0.6525368201352817
2016-05-23,0.6731456456427299
2016-05-24,0.6689606661448855
2016-05-25,0.6525631660185571
2016-05-26,0.6424963022959196
2016-05-27,0.6653043641459611
2016-05-31,0.6487149411444183
2016-06-01,0.6991737550313595
2016-06-02,0.697290341033731
2016-06-03,0.7163048101760208
2016-06-06,0.7147944274810378
2016-06-07,0.677999886220482
2016-06-08,0.6779997780016266
2016-06-09,0.6748481276257705
2016-06-10,0.6798303933759449
2016-06-13,0.667423238008706
2016-06-14,0.687498136573974
2016-06-15,0.7077921515417579
2016-06-16,0.6693368864959333
2016-06-17,0.6911316718545901
2016-06-20,0.6708113126753266
2016-06-21,0.6484945801249011
2016-06-22,0.5912647850094433
2016-06-23,0.6379051473935174
2016-06-24,0.6247025720368641
2016-06-27,0.6062828038096304
2016-06-28,0.6242104191230459
2016-06-29,0.6164941526635044
2016-06-30,0.6329427354309118
2016-07-01,0.6113930431479729
2016-07-05,0.6491333801017958
2016-07-06,0.58353590231718
2016-07-07,0.6342279580243444
2016-07-08,0.6529132675813296
2016-07-11,0.6419288650170792
2016-07-12,0.5510659850206016
2016-07-13,0.6347267807614255
2016-07-14,0.7098520349825981
2016-07-15,0.6743194194452538
2016-07-18,0.7066678384120102
2016-07-19,0.7153457073426294
2016-07-20,0.6714509842169665
2016-07-21,0.7217085891122548
2016-07-22,0.7153920235902654
2016-07-25,0.6718121746364896
2016-07-26,0.6406334792378888
2016-07-27,0.6819974554426927
2016-07-28,0.678899281615271
2016-07-29,0.6639273469628638
2016-08-01,0.675398778791886
2016-08-02,0.6755826075241218
2016-08-03,0.6716868404334148
2016-08-04,0.6682463651723869
2016-08-05,0.6607614256724664
2016-08-08,0.6618975964787097
2016-08-09,0.6382608246776296
2016-08-10,0.6685990074103001
2016-08-11,0.6702556165033805
2016-08-12,0.699128429657566
2016-08-15,0.7006248921815806
2016-08-16,0.6738411446758297
2016-08-17,0.6713444765615615
2016-08-18,0.663788372571736
2016-08-19,0.6786144589102114
2016-08-22,0.6027203076108731
2016-08-23,0.6259737938747694
2016-08-24,0.6626890041841025
2016-08-25,0.6537702712739317
2016-08-26,0.6473638265190207
2016-08-29,0.6473638265190207
2016-08-30,0.6941665281915966
2016-08-31,0.6913763643051255
2016-09-01,0.7322633920422356
2016-09-02,0.6893832049466029
2016-09-06,0.647165712876863
2016-09-07,0.6411482427908177
2016-09-08,0.6604216180422294
2016-09-09,0.6649842307436243
2016-09-12,0.6652868484301874
2016-09-13,0.6979668568183013
2016-09-14,0.6782589218518774
2016-09-15,0.6661379187249465
2016-09-16,0.6578738682170631
2016-09-19,0.6883188621167305
2016-09-20,0.6674235093132909
2016-09-21,0.6592363133823897
2016-09-22,0.604918829387395
2016-09-23,0.6259978566134236
2016-09-26,0.6362562868489323
2016-09-27,0.6259726709808887
2016-09-28,0.6077723753980135
2016-09-29,0.6390610354137438
2016-09-30,0.6387749110088841
2016-10-03,0.6321072490685725
2016-10-04,0.6051180003194409
2016-10-05,0.6298211679032308
2016-10-06,0.6298211679032308
2016-10-07,0.6868425686800745
2016-10-11,0.6431854258792743
2016-10-12,0.6454089798171405
2016-10-13,0.6454452075082936
2016-10-14,0.6973083169256664
2016-10-17,0.6537544727864696
2016-10-18,0.6457297858130955
2016-10-19,0.6638028266205813
2016-10-20,0.6970286415748038
2016-10-21,0.7222913092429755
2016-10-24,0.7324005292826217
2016-10-25,0.6647834744343749
2016-10-26,0.6227704528849377
2016-10-27,0.6274360299246884
2016-10-28,0.683302888935896
2016-10-31,0.6951994841854634
2016-11-01,0.6376170149581533
2016-11-02,0.5652860618862452
2016-11-03,0.5933765285325766
2016-11-04,0.5179543052936031
2016-11-07,0.5390275568926622
2016-11-08,0.6241182638319257
2016-11-09,0.6256282890818239
2016-11-10,0.6238868681310757
2016-11-14,0.6044742489487447
2016-11-15,0.6045104766398979
2016-11-16,0.6044742489487447
2016-11-17,0.6291774165325347
2016-11-18,0.5730266483958506
2016-11-21,0.589156544137721
2016-11-22,0.5841544411699927
2016-11-23,0.652080075258694
2016-11-25,0.6681456908427019
2016-11-28,0.6399983246880119
2016-11-29,0.6592339652750587
2016-11-30,0.6789826529252361
2016-12-01,0.6898539844332827
2016-12-02,0.6530612470678423
2016-12-05,0.6619118989921663
2016-12-06,0.7382314456046832
2016-12-07,0.722219412735566
2016-12-08,0.6861347981976724
2016-12-09,0.7183123745479203
2016-12-12,0.677736550788573
2016-12-13,0.6509530923139426
2016-12-14,0.682697019982718
2016-12-15,0.7027132123555618
2016-12-16,0.6572338775581716
2016-12-19,0.6743793779234771
2016-12-20,0.6854457626248063
2016-12-21,0.722116265966364
2016-12-22,0.6494617005333756
2016-12-23,0.6782835914125981
2016-12-27,0.682699808936271
2016-12-28,0.7566074019944943
2016-12-29,0.6545158402957931
2016-12-30,0.6779075565413872
2017-01-03,0.65447961260464
2017-01-04,0.6300356777095424
2017-01-05,0.6294281540299993
2017-01-06,0.6150052007634044
2017-01-09,0.5054287123150007
2017-01-10,0.5334884679523365
2017-01-11,0.45632481139890224
2017-01-12,0.45978727735565067
2017-01-13,0.4362301683848352
2017-01-17,0.4170440501497832
2017-01-18,0.427547967277218
2017-01-19,0.4230656307840933
2017-01-20,0.40003104468377765
2017-01-23,0.50227799390796
2017-01-24,0.553327475950618
2017-01-25,0.45791153806316426
2017-01-26,0.46843906585111944
2017-01-27,0.5049183163963706
2017-01-30,0.4748798796710636
2017-01-31,0.5635481309007891
2017-02-01,0.5971383717219514
2017-02-02,0.646879097875465
2017-02-03,0.6321327862475377
2017-02-06,0.6681247966344044
2017-02-07,0.6703298663135789
2017-02-08,0.7132400760196217
2017-02-09,0.6749476474354218
2017-02-10,0.6787650297109693
2017-02-13,0.6428368282638712
2017-02-14,0.629423584121709
2017-02-15,0.6657704746615113
2017-02-16,0.660998780835785
2017-02-17,0.660998780835785
2017-02-21,0.6620973477553675
2017-02-22,0.6636945327535775
2017-02-23,0.6830590561073222
2017-02-24,0.65933404943594
2017-02-27,0.6654260222165373
2017-02-28,0.653032718883103
2017-03-01,0.6475788887100932
2017-03-02,0.6251627786064213
2017-03-03,0.6026260309586194
2017-03-06,0.6354507269819114
2017-03-07,0.6576682660649098
2017-03-08,0.6661228627605309
2017-03-09,0.6767739821640057
2017-03-10,0.6767739821640057
2017-03-13,0.6725405931378533
2017-03-14,0.6667630122149909
2017-03-15,0.6186162923178802
2017-03-16,0.6237580354097298
2017-03-17,0.6922924489149244
2017-03-20,0.6962039425304708
2017-03-21,0.6830566814359682
2017-03-22,0.6544045609227258
2017-03-23,0.6787478705240104
2017-03-24,0.6662197383896797
2017-03-27,0.7108444626496696
2017-03-28,0.6680886784169449
2017-03-29,0.6074602730519897
2017-03-30,0.5924494050802004
2017-03-31,0.5842632094623903
2017-04-03,0.6162347236826203
2017-04-04,0.6093837906224516
2017-04-05,0.5617011671342382
2017-04-06,0.5472769541332793
2017-04-07,0.6525531364756924
2017-04-10,0.6104765055652199
2017-04-11,0.6240370014257856
2017-04-12,0.662850163206375
2017-04-13,0.6791794910295228
2017-04-17,0.6715671163854252
2017-04-18,0.6647375821194519
2017-04-19,0.6671339246827426
2017-04-20,0.6588187115851943
2017-04-21,0.6642603936886218
2017-04-24,0.647339240014395
2017-04-25,0.5360646476891757
2017-04-26,0.6217902235705121
2017-04-27,0.6404342964878661
2017-04-28,0.6536615459167382
2017-05-01,0.6537141287951738
2017-05-02,0.6685969564533458
2017-05-03,0.5927128811496818
2017-05-04,0.6584688028317615
2017-05-05,0.6590187370506029
2017-05-08,0.6812545887642509
2017-05-09,0.6726023032593923
2017-05-10,0.6501906740318899
2017-05-11,0.6812892028351272
2017-05-12,0.6757718037894612
2017-05-15,0.6734430880992534
2017-05-16,0.6699600791430254
2017-05-17,0.6560316035009287
2017-05-18,0.660161440437823
2017-05-19,0.6822497881768823
2017-05-22,0.6721600853265709
2017-05-23,0.6426263367581881
2017-05-24,0.6109359665350762
2017-05-25,0.6056464585617674
2017-05-26,0.5491526934257656
2017-05-30,0.6074252400331338
2017-05-31,0.587827940695006
2017-06-01,0.6074252400331338
2017-06-02,0.6899720166989212
2017-06-05,0.6697485697036246
2017-06-06,0.652777412114675
2017-06-07,0.6641916940933502
2017-06-08,0.5321654275640916
2017-06-09,0.5483220033597698
2017-06-12,0.571521925411872
2017-06-13,0.59177507109386
2017-06-14,0.617105716602669
2017-06-15,0.6071897130675177
2017-06-16,0.569923812304537
2017-06-19,0.6481557815638249
2017-06-20,0.6657262197695701
2017-06-21,0.6614928307434178
2017-06-22,0.6456118521088858
2017-06-23,0.6561164946592761
2017-06-26,0.6657262197695701
2017-06-27,0.6649842307436243
2017-06-28,0.6480664596636717
2017-06-29,0.6494879490245873
2017-06-30,0.671132779744448
2017-07-03,0.6414313875759798
2017-07-05,0.6413909057994961
2017-07-06,0.6496186677698644
2017-07-07,0.6619072041231466
2017-07-10,0.6494339823930205
2017-07-11,0.6704438993057656
2017-07-12,0.6590415425418972
2017-07-13,0.6585055473853416
2017-07-14,0.6668304029700041
2017-07-17,0.6425310246309149
2017-07-18,0.6511528381530469
2017-07-19,0.6244457440200377
2017-07-20,0.624219075142057
2017-07-21,0.6136984005818815
2017-07-24,0.5953178388086962
2017-07-25,0.5969045654729583
2017-07-26,0.5857629844449762
2017-07-27,0.592671176446806
2017-07-28,0.5373234675977535
2017-07-31,0.5495314789670124
2017-08-01,0.48564188626934046
2017-08-02,0.5516798483578249
2017-08-03,0.5954858598540526
2017-08-04,0.549472498600427
2017-08-07,0.6367616377305456
2017-08-08,0.6347817416970267
2017-08-09,0.5644291323021814
2017-08-10,0.7161566798123752
2017-08-11,0.7217002129909706
2017-08-14,0.7211624753980925
2017-08-15,0.6414296367397536
2017-08-16,0.6425860790843251
2017-08-17,0.6994648068029341
2017-08-18,0.7128401696288817
2017-08-21,0.7161566798123752
2017-08-22,0.6895401475603824
2017-08-23,0.7043108962020346
2017-08-24,0.7100468630824618
2017-08-25,0.7098389838343946
2017-08-28,0.7214680300856011
2017-08-29,0.7212711984147646
2017-08-30,0.7217002129909706
2017-08-31,0.7167384089099287
2017-09-01,0.7031876962432178
2017-09-05,0.6925653817274
2017-09-06,0.6968871653244383
2017-09-07,0.6907230793887663
2017-09-08,0.6950448629858046
2017-09-11,0.6895401475603824
2017-09-12,0.6866275232292717
2017-09-13,0.7018868647658475
2017-09-14,0.7018868647658475
2017-09-15,0.7106011352197316
2017-09-18,0.7025929962982379
2017-09-19,0.7025929962982379
2017-09-20,0.7097555870659861
2017-09-21,0.6211360330778251
2017-09-22,0.6141405537244633
2017-09-25,0.700312179500069
2017-09-26,0.6155086699557571
2017-09-27,0.6057972598818696
2017-09-28,0.6056695308480906
2017-09-29,0.6080875466868283
2017-10-02,0.6501624541314576
2017-10-03,0.6501624541314576
2017-10-04,0.6445642303642215
2017-10-05,0.6653026419823889
2017-10-06,0.6412051833063483
2017-10-09,0.6190354007513602
2017-10-10,0.6200479970531264
2017-10-11,0.6212563592721063
2017-10-12,0.6328350332363167
2017-10-13,0.648466342131204
2017-10-16,0.638925947483036
2017-10-17,0.6273690638679558
2017-10-18,0.6200405880016029
2017-10-19,0.6454272706554507
2017-10-20,0.6263755855147721
2017-10-23,0.6414637346932147
2017-10-24,0.6559995586534983
2017-10-25,0.6514766765571426
2017-10-26,0.6052904700708481
2017-10-27,0.6544964147956379
2017-10-30,0.656059813369608
2017-10-31,0.6155116101819964
2017-11-01,0.6543312745916989
2017-11-02,0.6520661913705463
2017-11-03,0.6357608384261365
2017-11-06,0.6665685407703923
2017-11-07,0.6565102624057941
2017-11-08,0.669099172490917
2017-11-09,0.6743158703729124
2017-11-10,0.6754409050630004
2017-11-13,0.6665685407703923
2017-11-14,0.6717852386523876
2017-11-15,0.6735640201237542
2017-11-16,0.6717852386523876
2017-11-17,0.6236324418624615
2017-11-20,0.6354542313025526
2017-11-21,0.6404808524468126
2017-11-22,0.6115998335722843
2017-11-24,0.611826502450265
2017-11-27,0.5965396113042135
2017-11-28,0.5984484794902629
2017-11-29,0.5744438132968243
2017-11-30,0.5829738358741754
2017-12-01,0.6258778064075434
2017-12-04,0.6070443070269675
2017-12-05,0.6124609457480179
2017-12-06,0.6084309528736815
2017-12-07,0.6050534880832349
2017-12-08,0.5933285007193609
2017-12-11,0.6660701336877344
2017-12-12,0.6599532344338048
2017-12-13,0.6288979768832739
2017-12-14,0.6159258459269632
2017-12-15,0.6212563592721063
2017-12-18,0.6518244999919676
2017-12-19,0.6750657352658783
2017-12-20,0.6778278255930879
2017-12-21,0.684841926044844
2017-12-22,0.6725836352101197
2017-12-26,0.6456262546994443
2017-12-27,0.6284390360648228
2017-12-28,0.6332212314881203
2017-12-29,0.7131265840901964
2018-01-02,0.7098389838343946
2018-01-03,0.7098389838343946
2018-01-04,0.7098389838343946
2018-01-05,0.7292093270818047
2018-01-08,0.7096531740868027
2018-01-09,0.7037291671044812
2018-01-10,0.7018868647658475
2018-01-11,0.7018868647658475
2018-01-12,0.6938076619516621
2018-01-16,0.6907230793887663
2018-01-17,0.6907230793887663
2018-01-18,0.6993180679764112
2018-01-19,0.697425316474349
2018-01-22,0.7037291671044812
2018-01-23,0.7018868647658475
2018-01-24,0.6938076619516621
2018-01-25,0.6938076619516621
2018-01-26,0.6938076619516621
2018-01-30,0.6865616744155054
2018-01-31,0.7018868647658475
2018-02-01,0.7067303528989684
2018-02-02,0.704283439241751
2018-02-05,0.712400868027447
2018-02-06,0.7136263693867492
2018-02-07,0.605804622706659
2018-02-08,0.614856109997168
2018-02-09,0.6120586951440801
2018-02-12,0.6282211602757661
2018-02-13,0.7161566798123752
2018-02-14,0.7064408714543948
2018-02-15,0.7047764123609319
2018-02-16,0.7011934974688911
2018-02-20,0.6336051284940896
2018-02-21,0.6210966709091543
2018-02-22,0.6259373278997451
2018-02-23,0.629113945991079
2018-02-26,0.6252488959726519
2018-02-27,0.6332496687524531
2018-02-28,0.600542169258287
2018-03-01,0.632421466415367
2018-03-02,0.6560029226514286
2018-03-05,0.6311485589942282
2018-03-06,0.657307459732616
2018-03-07,0.6396623710255923
2018-03-08,0.6368816595999885
2018-03-09,0.6344270520452027
2018-03-12,0.6344270520452027
2018-03-13,0.6301416118768771
2018-03-14,0.6368816595999885
2018-03-15,0.6048310230969032
2018-03-16,0.6172431411713155
2018-03-19,0.6106636344646242
2018-03-20,0.647235175540642
2018-03-21,0.6549690399251229
2018-03-22,0.627909629519595
2018-03-23,0.6041099282822547
2018-03-26,0.7139901503180588
2018-03-27,0.6413704802563914
2018-03-28,0.6231086916951941
2018-03-29,0.6283253895771894
2018-04-02,0.6095276773340232
2018-04-03,0.6269833394100767
2018-04-04,0.6262613176489764
2018-04-05,0.6354039174814301
2018-04-06,0.6286199404769672
2018-04-09,0.6395916987850249
2018-04-10,0.6241750491019158
2018-04-11,0.608537382948964
2018-04-12,0.6354039174814301
2018-04-13,0.6132828104596986
2018-04-16,0.6207767642806724
2018-04-17,0.6086020977990046
2018-04-18,0.6238067100941905
2018-04-19,0.6336251360100635
2018-04-20,0.5660105618630766
2018-04-23,0.6259999862297807
2018-04-24,0.6104758638441109
2018-04-25,0.6455526580538105
2018-04-26,0.6327167968429803
2018-04-27,0.6400599673779723
2018-04-30,0.6476191699912347
2018-05-01,0.6245960734323961
2018-05-02,0.6171021196114221
2018-05-03,0.6218998782559473
2018-05-04,0.6434433341752546
2018-05-07,0.6470971931095502
2018-05-08,0.6458006442939898
2018-05-09,0.6711021238786239
2018-05-10,0.6831071539346522
2018-05-11,0.6914226703529107
2018-05-14,0.6886419589273071
2018-05-15,0.634952278629534
2018-05-16,0.6524278834645524
2018-05-17,0.6432204410858091
2018-05-18,0.6698883007491606
2018-05-21,0.6662487949258611
2018-05-22,0.6651631263164475
2018-05-23,0.6572993770990679
2018-05-24,0.6743624166814862
2018-05-25,0.6554765777443227
2018-05-29,0.6495100149693613
2018-05-30,0.676094651844279
2018-05-31,0.669099172490917
2018-06-01,0.6517420029169078
2018-06-04,0.6469751128272457
2018-06-05,0.676094651844279
2018-06-06,0.676094651844279
2018-06-07,0.6650164281770065
2018-06-08,0.6889357991377304
2018-06-11,0.676094651844279
2018-06-12,0.676094651844279
2018-06-13,0.676094651844279
2018-06-14,0.6718612628181265
2018-06-15,0.6386527731833112
2018-06-18,0.6190920384137859
2018-06-19,0.6088708983026376
2018-06-20,0.6371072971697729
2018-06-21,0.6357192509362337
2018-06-22,0.6524907724468935
2018-06-25,0.6726828523761886
2018-06-26,0.6743270788841583
2018-06-27,0.5877065947027034
2018-06-28,0.5602321422703793
2018-06-29,0.6171810907694107
2018-07-02,0.6191970480758938
2018-07-03,0.5852738925864027
2018-07-05,0.6987362074241695
2018-07-06,0.7383230430025558
2018-07-09,0.7585100990943701
2018-07-10,0.7451911941549823
2018-07-11,0.6573821422328763
2018-07-12,0.603481759451989
2018-07-13,0.6258908137496229
2018-07-16,0.680993821739196
2018-07-17,0.6072942802001696
2018-07-18,0.5602321422703793
2018-07-19,0.5786146483886796
2018-07-20,0.6538468380629376
2018-07-23,0.6371072971697729
2018-07-24,0.6846751230292619
2018-07-25,0.7132358905912419
2018-07-26,0.6765510263357848
2018-07-27,0.668268639192375
2018-07-30,0.6193780281466229
2018-07-31,0.6620745584299511
2018-08-01,0.680588585290167
2018-08-02,0.620326270455885
2018-08-03,0.6334421698273929
2018-08-06,0.5920050897068838
2018-08-07,0.6375328161599001
2018-08-08,0.6620745584299511
2018-08-09,0.6731143567512781
2018-08-10,0.6827849050404665
2018-08-13,0.5876473462853993
2018-08-14,0.6213194047458457
2018-08-15,0.6199156909919233
2018-08-16,0.6199156909919233
2018-08-17,0.6234326774643181
2018-08-20,0.6286686694329099
2018-08-21,0.5991367319254085
2018-08-22,0.6901475665026839
2018-08-23,0.7007910859476845
2018-08-24,0.6716252653320944
2018-08-27,0.7377404617296628
2018-08-28,0.7009845285852181
2018-08-29,0.5774819673461222
2018-08-30,0.5815818779145936
2018-08-31,0.5269327666792446
2018-09-04,0.5597473834834267
2018-09-05,0.5691244357933873
2018-09-06,0.5513876582839172
2018-09-07,0.5515094647367875
2018-09-10,0.6574827698029717
2018-09-11,0.6283076704419853
2018-09-12,0.6565054943227231
2018-09-13,0.6665685407703923
2018-09-14,0.669099172490917
2018-09-17,0.6563894467523532
2018-09-18,0.6482716361500883
2018-09-19,0.6464928546787219
2018-09-20,0.6732591106626462
2018-09-21,0.6421027430866266
2018-09-24,0.6717852386523876
2018-09-25,0.6717852386523876
2018-09-26,0.650382196343248
2018-09-27,0.6063642036932921
2018-09-28,0.6559654972135455
2018-10-01,0.6559654972135455
2018-10-02,0.66323764670564
2018-10-03,0.676094651844279
2018-10-04,0.6788753632698826
2018-10-05,0.6802824331478737
2018-10-08,0.6390360403563465
2018-10-09,0.6363022192763357
2018-10-10,0.6672230935834998
2018-10-11,0.6167703831238291
2018-10-12,0.6413704802563914
2018-10-15,0.709865198391857
2018-10-16,0.709108406216484
2018-10-17,0.621188240094083
2018-10-18,0.7102407334458032
2018-10-19,0.6202566385231888
2018-10-22,0.6166251893631362
2018-10-23,0.7090187013985396
2018-10-24,0.7032131172492739
2018-10-25,0.7013708149106402
2018-10-26,0.6893780675902466
2018-10-29,0.6280400991203429
2018-10-30,0.6247092050555907
2018-10-31,0.6310343975921902
2018-11-01,0.6938076619516621
2018-11-02,0.6962316933878492
2018-11-05,0.6925653817274
2018-11-06,0.6413704802563914
2018-11-07,0.6339512398808813
2018-11-08,0.6177308880670008
2018-11-09,0.60610908493379
2018-11-12,0.639594869998841
2018-11-13,0.6376237582692268
2018-11-14,0.6121490166082136
2018-11-15,0.6176837289630999
2018-11-16,0.6284170356532731
2018-11-19,0.6292750113690666
2018-11-20,0.6343750009030296
2018-11-21,0.632596219431663
2018-11-23,0.6352089611806486
2018-11-26,0.6276902858123015
2018-11-27,0.6083264990787414
2018-11-28,0.632596219431663
2018-11-29,0.6323671979098859
2018-11-30,0.6743624166814862
2018-12-03,0.6332212314881203
2018-12-04,0.7230968672792397
2018-12-06,0.7171462464885627
2018-12-07,0.7384960513935698
2018-12-10,0.7226897796671582
2018-12-11,0.713713174742911
2018-12-12,0.7106285921800153
2018-12-13,0.7073120819965218
2018-12-14,0.6425100549185861
2018-12-17,0.7167384089099287
2018-12-18,0.7161566798123752
2018-12-19,0.7161566798123752
2018-12-20,0.7341798831282726
2018-12-21,0.7134218987264352
2018-12-24,0.722281942088524
2018-12-26,0.7167384089099287
2018-12-27,0.7128401696288817
2018-12-28,0.7098389838343946
2018-12-31,0.7216544300696817
2019-01-02,0.7037291671044812
2019-01-03,0.6956499642902958
2019-01-04,0.7156487781267067
2019-01-07,0.7018868647658475
2019-01-08,0.7018868647658475
2019-01-09,0.7037291671044812
2019-01-10,0.7106285921800153
2019-01-11,0.7106285921800153
2019-01-14,0.7116181588562028
2019-01-15,0.7143686466795
2019-01-16,0.7149503757770534
2019-01-17,0.7159399424532411
2019-01-18,0.7108915883008093
2019-01-22,0.7160078312920181
2019-01-23,0.715930937233942
2019-01-24,0.7122474524435017
2019-01-25,0.7238917204007479
2019-01-28,0.7394993211972404
2019-01-29,0.7319794003904356
2019-01-30,0.7329612353661161
2019-01-31,0.716590872748718
2019-02-01,0.7199774122671532
2019-02-04,0.7147027414190986
2019-02-05,0.7188853685892189
2019-02-06,0.7149503757770534
2019-02-07,0.7149503757770534
2019-02-08,0.716087797643804
2019-02-11,0.7043108962020346
2019-02-12,0.7073120819965218
2019-02-13,0.7106285921800153
2019-02-14,0.7073120819965218
2019-02-15,0.7147184481564559
2019-02-19,0.7151601544270914
2019-02-20,0.7086714172194264
2019-02-21,0.6938076619516621
2019-02-22,0.6981089149059956
2019-02-25,0.6907230793887663
2019-02-26,0.6884698255679054
2019-02-27,0.7050128500569893
2019-02-28,0.7072388191079091
2019-03-01,0.6265334849795595
2019-03-04,0.5811848566913537
2019-03-05,0.6205311068315653
2019-03-06,0.6124944670781638
2019-03-07,0.6248812218697566
2019-03-08,0.6016293027354751
2019-03-11,0.6015397302781301
2019-03-12,0.5991065658690026
2019-03-13,0.6344270520452027
2019-03-14,0.5979405915498244
2019-03-15,0.625062204448998
2019-03-18,0.6175663963472456
2019-03-19,0.6412571583505835
2019-03-20,0.636539874612031
2019-03-21,0.6574347900913173
2019-03-22,0.642552296361883
2019-03-25,0.5682123310688418
2019-03-26,0.6264879865269571
2019-03-27,0.6264879865269571
2019-03-28,0.6225397776518028
2019-03-29,0.618659937909646
2019-04-01,0.6182001820289728
2019-04-02,0.616942882460351
2019-04-03,0.6209496026085226
2019-04-04,0.6227628148733495
2019-04-05,0.6559665571384538
2019-04-08,0.700008024307605
2019-04-09,0.6655881558567578
2019-04-10,0.6725836352101197
2019-04-11,0.6390113188089732
2019-04-12,0.6410813349133786
2019-04-15,0.6439152224913848
2019-04-16,0.6071892705380619
2019-04-17,0.6270752211928792
2019-04-18,0.6310553579346359
2019-04-22,0.6697096395110339
2019-04-23,0.658669841189707
2019-04-24,0.6513576275682008
2019-04-25,0.6430812622137656
2019-04-26,0.6718612628181265
2019-04-29,0.6450017138148767
2019-04-30,0.6718612628181265
2019-05-01,0.669099172490917
2019-05-02,0.6196724797245883
2019-05-03,0.6673203910195505
2019-05-06,0.6647897592990257
2019-05-07,0.6743158703729124
2019-05-08,0.6896389392997675
2019-05-09,0.676094651844279
2019-05-10,0.6743158703729124
2019-05-13,0.6311490752498592
2019-05-14,0.6580031894798386
2019-05-15,0.6327011878432449
2019-05-16,0.676094651844279
2019-05-17,0.643824622546395
2019-05-20,0.6384141192527228
2019-05-21,0.6459810048150375
2019-05-22,0.6590929452684919
2019-05-23,0.7084291946373521
2019-05-24,0.6820612146192403
2019-05-28,0.6699331327685362
2019-05-29,0.6820612146192403
2019-05-30,0.6725836352101197
2019-05-31,0.6374839770325458
2019-06-03,0.7130486640205902
2019-06-04,0.7246034153356151
2019-06-05,0.7169651215550836
2019-06-06,0.7161566798123752
2019-06-07,0.7098389838343946
2019-06-10,0.7100468630824618
2019-06-11,0.7089106922762185
2019-06-12,0.7037291671044812
2019-06-13,0.7134218987264352
2019-06-14,0.7106285921800153
2019-06-17,0.7037291671044812
2019-06-18,0.7079966814957609
2019-06-19,0.7018868647658475
2019-06-20,0.6796458632881175
2019-06-21,0.654785804989884
2019-06-24,0.6764129760758948
2019-06-25,0.6514951709770018
2019-06-26,0.6348247896233926
2019-06-27,0.6342390962292936
2019-06-28,0.6173299254061527
2019-07-01,0.6565258758120471
2019-07-02,0.6127115223237366
2019-07-03,0.583061207323562
2019-07-05,0.6208438892599185
2019-07-08,0.6795652113628096
2019-07-09,0.6807013821690528
2019-07-10,0.6832808572932814
2019-07-11,0.6730437910322282
2019-07-12,0.6823103326886149
2019-07-15,0.6668869638307792
2019-07-16,0.6606405571329674
2019-07-17,0.6420111598727953
2019-07-18,0.6790882750224201
2019-07-19,0.6835883359557793
2019-07-22,0.6755728101790259
2019-07-23,0.6827797829862272
2019-07-24,0.6964441656922977
2019-07-25,0.7241952205632715
2019-07-26,0.6909485344733667
2019-07-29,0.7040978968146773
2019-07-30,0.7055514897215864
2019-07-31,0.7106285921800153
2019-08-01,0.7164942145905109
2019-08-02,0.7085007601230594
2019-08-05,0.6979488728509334
2019-08-06,0.6977880160587311
2019-08-07,0.692014587076953
2019-08-08,0.705604816778295
2019-08-09,0.7003697302798968
2019-08-12,0.6852229570197255
2019-08-13,0.6936696925429656
2019-08-14,0.6833806546810918
2019-08-15,0.6803554205140742
2019-08-16,0.6292821362592995
2019-08-19,0.6311517902612106
2019-08-20,0.5948781912814016
2019-08-21,0.6626225742501641
2019-08-22,0.5777275833865035
2019-08-23,0.5658844120840374
2019-08-26,0.5720049673586475
2019-08-27,0.6285578327349874
2019-08-28,0.6057886680662914
2019-08-29,0.6725977783250914
2019-08-30,0.6128486845820491
2019-09-03,0.5842113177927605
2019-09-04,0.6358939666599778
2019-09-05,0.69094930682631
2019-09-06,0.7010405548533192
2019-09-09,0.7069806287090424
2019-09-10,0.6996803719671272
2019-09-11,0.7008165427733705
2019-09-12,0.7037291671044812
2019-09-13,0.7037291671044812
2019-09-16,0.7112255160981645
2019-09-17,0.6930770843337515
2019-09-18,0.7112255160981645
2019-09-19,0.7136263693867492
2019-09-20,0.6957942163298036
2019-09-23,0.7019934818099912
2019-09-24,0.7060970101634829
2019-09-25,0.7067544012714988
2019-09-26,0.7019734625437344
2019-09-27,0.6464698731863622
2019-09-30,0.6951976117101856
2019-10-01,0.687107450589442
2019-10-02,0.750128583988121
2019-10-03,0.715663647844048
2019-10-04,0.7236024697758093
2019-10-07,0.7037061696658158
2019-10-08,0.700494707948456
2019-10-09,0.6701996998959012
2019-10-10,0.6597929449911325
2019-10-11,0.6987285878069215
2019-10-14,0.6895932968395575
2019-10-15,0.7182324359795078
2019-10-16,0.7108998043585657
2019-10-17,0.6984864613419046
2019-10-18,0.6815879605852705
2019-10-21,0.6919170850635827
2019-10-22,0.6883657384026536
2019-10-23,0.6848093755327358
2019-10-24,0.6650465506875872
2019-10-25,0.6624444860020241
2019-10-28,0.6626396691802311
2019-10-29,0.6675728378946568
2019-10-30,0.695179938633194
2019-10-31,0.6291435097526588
2019-11-01,0.6527112560401875
2019-11-04,0.6342765810282777
2019-11-05,0.6527290138551771
2019-11-06,0.6668181872216865
2019-11-07,0.5553616456148719
2019-11-08,0.5549532198876082
2019-11-11,0.556962232001948
2019-11-12,0.6148225913870472
2019-11-13,0.6259613521051862
2019-11-14,0.6689054964378089
2019-11-15,0.5826166239630086
2019-11-18,0.6504401291127213
2019-11-19,0.6425703826794124
2019-11-20,0.65244604515198
2019-11-21,0.5715537962754001
2019-11-22,0.5715537962754001
2019-11-25,0.597079482316923
2019-11-26,0.6649741963529096
2019-11-27,0.6519470995764814
2019-11-29,0.7090309102201557
2019-12-02,0.6869535468790937
2019-12-03,0.6474666975468553
2019-12-04,0.6961404272287794
2019-12-05,0.6663003680998226
2019-12-06,0.6916689945575206
2019-12-09,0.6780567134250284
2019-12-10,0.6937645080748345
2019-12-11,0.6542419123202681
2019-12-12,0.6612780472469069
2019-12-13,0.6522910015848866
2019-12-16,0.5922170852956425
2019-12-17,0.6500117377360557
2019-12-18,0.6413559968274753
2019-12-19,0.6507918002212436
2019-12-20,0.6532415290993481
2019-12-23,0.607811285850285
2019-12-24,0.600979022239484
2019-12-26,0.6153737811992805
2019-12-27,0.7468714309590554
2019-12-30,0.7478979529332441
2019-12-31,0.747726415499521
2020-01-02,0.7450802155777735
2020-01-03,0.7015641036580996
2020-01-06,0.6688023348061692
2020-01-07,0.6613539277209081
2020-01-08,0.6728621714330142
2020-01-09,0.6819204779283616
2020-01-10,0.6272890471809281
2020-01-13,0.6843246555154064
2020-01-14,0.6670298582270036
2020-01-15,0.688660145841398
2020-01-16,0.6832449456018168
2020-01-17,0.697698918444302
2020-01-21,0.7050307807015578
2020-01-22,0.7037168356113142
2020-01-23,0.658621060612967
2020-01-24,0.6981343852121826
2020-01-27,0.6492936451463037
2020-01-28,0.6963790442625115
2020-01-29,0.6953590558334672
2020-01-30,0.6946926722115704
2020-01-31,0.6590281466327766
2020-02-03,0.724763497259394
2020-02-04,0.671472372566109
2020-02-05,0.679102188288859
2020-02-06,0.7244581780739716
2020-02-07,0.7323600665646566
2020-02-10,0.719278693700047
2020-02-11,0.7340874289401469
2020-02-12,0.750455696150853
2020-02-13,0.7206575881182351
2020-02-14,0.7252379914323273
2020-02-18,0.7077282831547848
2020-02-19,0.7077282831547848
2020-02-20,0.7077282831547848
2020-02-21,0.7183672674470107
2020-02-24,0.6803159565844326
2020-02-25,0.6654685994949915
2020-02-26,0.6592792833867741
2020-02-27,0.6525433746075378
2020-02-28,0.6513258798035595
2020-03-02,0.6667880267802044
2020-03-03,0.6551199761569293
2020-03-04,0.6474164913363277
2020-03-05,0.6722912824161569
2020-03-06,0.6513839721977751
2020-03-09,0.695638563463413
2020-03-10,0.7073377593764205
2020-03-11,0.7153508065960242
2020-03-12,0.6663547245170282
2020-03-13,0.5432922368919619
2020-03-16,0.5457194940514063
2020-03-17,0.529625817929989
2020-03-18,0.6280941919364758
2020-03-19,0.6639596354088697
2020-03-20,0.5627570205762215
2020-03-23,0.6816608066840242
2020-03-24,0.7485627422019061
2020-03-25,0.7380067998194837
2020-03-26,0.7125295254372601
2020-03-27,0.7802487005517965
2020-03-30,0.7240091976930862
2020-03-31,0.6729315992683167
2020-04-01,0.676539908736688
2020-04-02,0.6771467982295503
2020-04-03,0.6876011470039523
2020-04-06,0.6946024618157796
2020-04-07,0.7418414247923777
2020-04-08,0.719004763485736
2020-04-09,0.6239154307595541
2020-04-13,0.6225926104525128
2020-04-14,0.5958268360337584
2020-04-15,0.6846999938840429
2020-04-16,0.6684801046049941
2020-04-17,0.6038215170368022
2020-04-20,0.5690965434367403
2020-04-21,0.7347255836452355
2020-04-22,0.6742832220841353
2020-04-23,0.6703220671624448
2020-04-24,0.7021626655503708
2020-04-27,0.6326561668316153
2020-04-28,0.7166724285122636
2020-04-29,0.7092910377058891
2020-04-30,0.7039178955641756
2020-05-01,0.7186969646024935
2020-05-04,0.7268608733122737
2020-05-05,0.7244116569016087
2020-05-06,0.7197130658238764
2020-05-07,0.7195858005201647
2020-05-08,0.7338194278173826
2020-05-11,0.7114070723459767
2020-05-12,0.7296475532516016
2020-05-13,0.726282148623696
2020-05-14,0.6794598997704292
2020-05-15,0.6470106855972171
2020-05-18,0.6998782731412881
2020-05-19,0.6892474981318663
2020-05-20,0.6850972768813095
2020-05-21,0.6906814928914289
2020-05-22,0.6930031027430227
2020-05-26,0.7186910355109467
2020-05-27,0.7115571341202431
2020-05-28,0.7354575506172406
2020-05-29,0.7197449575415613
2020-06-01,0.7197449575415613
2020-06-02,0.7383168844290856
2020-06-03,0.6351131164029706
2020-06-04,0.7400832232722326
2020-06-05,0.6933608388887265
2020-06-08,0.6999819044635768
2020-06-09,0.7368105659412859
2020-06-10,0.6912706474622665
2020-06-11,0.7171949238437131
2020-06-12,0.7248950039402607
2020-06-15,0.696098626302853
2020-06-16,0.6807479419453402
2020-06-17,0.6927915562858018
2020-06-18,0.6854341818242409
2020-06-19,0.7024280193409808
2020-06-22,0.7056725350337382
2020-06-23,0.722746591908497
2020-06-24,0.720671911387875
2020-06-25,0.7157749025786545
2020-06-26,0.7051924217632403
2020-06-29,0.7048786937884509
2020-06-30,0.692844827932974
2020-07-01,0.6926421164071703
2020-07-02,0.699842004287424
2020-07-06,0.7397645882111725
2020-07-07,0.7268052300596209
2020-07-08,0.70816989094027
2020-07-09,0.7444057036415216
2020-07-10,0.7134878428081936
2020-07-13,0.7278893493261802
2020-07-14,0.6789514305082468
2020-07-15,0.7154203840465118
2020-07-16,0.6717715005241309
2020-07-17,0.7022269390455693
2020-07-20,0.6997461212260854
2020-07-21,0.7262156303682203
2020-07-22,0.6942438528516363
2020-07-23,0.7096594486106962
2020-07-24,0.6856933913535133
2020-07-27,0.6405521911396623
2020-07-28,0.6470982233399407
2020-07-29,0.6376980809419052
2020-07-30,0.5923143038043038
2020-07-31,0.5926978874597223
2020-08-03,0.5968508671637173
2020-08-04,0.6009601145539641
2020-08-05,0.6024199345447365
2020-08-06,0.6230141283113575
2020-08-07,0.5856448636370082
2020-08-10,0.5468686503526087
2020-08-11,0.6575412870092805
2020-08-12,0.6530865355453976
2020-08-13,0.5733030824111418
2020-08-14,0.7089919303643832
2020-08-17,0.5567543484974627
2020-08-18,0.6294093390043592
2020-08-19,0.6997282376173966
2020-08-20,0.7222575560243756
2020-08-21,0.7130043328553979
2020-08-24,0.718419533094979
2020-08-25,0.7173121410927588
2020-08-26,0.7057736581473255
2020-08-27,0.7338194278173826
2020-08-28,0.681478950925578
2020-08-31,0.6786986012523044
2020-09-01,0.6941147373818026
2020-09-02,0.7173121410927588
2020-09-03,0.7173121410927588
2020-09-04,0.7173121410927588
2020-09-08,0.7236882555193213
2020-09-09,0.7165071799499494
2020-09-10,0.7244097065511841
2020-09-11,0.7271295854160308
2020-09-14,0.7239273060106319
2020-09-15,0.7190846843415722
2020-09-16,0.7162278161090753
2020-09-17,0.6997012476782767
2020-09-18,0.6347779534355087
2020-09-21,0.6757845672393387
2020-09-22,0.6776068918730751
2020-09-23,0.5423641148744862
2020-09-24,0.5259626753400551
2020-09-25,0.5597279265990376
2020-09-28,0.4691009041200366
2020-09-29,0.683062442458973
2020-09-30,0.6869175886433746
2020-10-01,0.6886419363067858
2020-10-02,0.6901511540290305
2020-10-05,0.6874912819140044
2020-10-06,0.6903945423321722
2020-10-07,0.554164739431727
2020-10-08,0.6181163634506311
2020-10-09,0.6884153194435549
2020-10-12,0.6993747167331522
2020-10-13,0.6181163634506311
2020-10-14,0.6696267057571144
2020-10-15,0.6549580527722259
2020-10-16,0.6862695024006131
2020-10-19,0.6739077948579693
2020-10-20,0.6630695401117157
2020-10-21,0.6747815975539887
2020-10-22,0.6073292804755304
2020-10-23,0.5230323397202061
2020-10-26,0.46541943735813096
2020-10-27,0.4232805133194838
2020-10-28,0.5462121577603994
2020-10-29,0.5886944657977797
2020-10-30,0.5209938659859054
2020-11-02,0.6643312515918441
2020-11-03,0.6902387585981324
2020-11-04,0.7046606117326679
2020-11-05,0.684083680697553
2020-11-06,0.6911245842803959
2020-11-09,0.5461599674253016
2020-11-10,0.565130926493796
2020-11-11,0.5673470129146008
2020-11-12,0.599565353994677
2020-11-13,0.6887047637627696
2020-11-16,0.6958068910673942
2020-11-17,0.7127720325923736
2020-11-18,0.6892884759291756
2020-11-19,0.6020924628672877
2020-11-20,0.689094473644659
2020-11-23,0.6304631692408567
2020-11-24,0.5619723240985868
2020-11-25,0.5493207281624033
2020-11-27,0.5883444278985321
2020-11-30,0.6053722345310335
2020-12-01,0.49345039550855896
2020-12-02,0.604361559635618
2020-12-03,0.664910969939842
2020-12-04,0.7002551087566411
2020-12-07,0.6949039200769962
2020-12-08,0.691499864138351
2020-12-09,0.6988129712127631
2020-12-10,0.6546720380466367
2020-12-11,0.5885687173157839
2020-12-14,0.587470019139742
2020-12-15,0.6730690676819477
2020-12-16,0.6758457481920301
2020-12-17,0.6627389074346717
2020-12-18,0.6582874738492458
2020-12-21,0.658642263799178
2020-12-22,0.6762704857607287
2020-12-23,0.445153370601595
2020-12-24,0.4559669038283786
2020-12-28,0.49725649668604976
2020-12-29,0.5126066360742626
2020-12-30,0.6213422559498089
2020-12-31,0.6248026288432761
2021-01-04,0.7128727303897477
2021-01-05,0.6872905675320357
2021-01-06,0.6144451858941221
2021-01-07,0.6132945315013407
2021-01-08,0.546413949231571
2021-01-11,0.6132859030992133
2021-01-12,0.6564774327446865
2021-01-13,0.697748606526815
2021-01-14,0.7099005032413952
2021-01-15,0.546413949231571
2021-01-19,0.7174712070666687
2021-01-20,0.714030184603769
2021-01-21,0.7092407009347751
2021-01-22,0.7099304883477023
2021-01-25,0.6891703043748648
2021-01-26,0.7012857994858306
2021-01-27,0.6855354870323451
2021-01-28,0.6903632884047962
2021-01-29,0.7013901600574042
2021-02-01,0.676605569719139
2021-02-02,0.6950562270082687
2021-02-03,0.7050720063686352
2021-02-04,0.5619723240985868
2021-02-05,0.6414066805381441
2021-02-08,0.717059528692748
2021-02-09,0.7164416740089397
2021-02-10,0.7136627308019459
2021-02-11,0.6887232265409027
2021-02-12,0.681916818051321
2021-02-16,0.5671789846514953
2021-02-17,0.5895651283480455
2021-02-18,0.6053722345310335
2021-02-19,0.5904558845498225
2021-02-22,0.48647858076279277
2021-02-23,0.608617505615365
2021-02-24,0.6489984189446077
2021-02-25,0.6204475247499758
2021-02-26,0.6298276500158285
2021-03-01,0.6063140360282873
2021-03-02,0.593317891292708
2021-03-03,0.644705304424248
2021-03-04,0.6623813825320244
2021-03-05,0.6515516891085239
2021-03-08,0.6623813825320244
2021-03-09,0.5956338616466412
2021-03-10,0.696531828627563
2021-03-11,0.7515194044135685
2021-03-12,0.7618561180317911
2021-03-15,0.7269640378310067
2021-03-16,0.7999478016543304
2021-03-17,0.7092395297969821
2021-03-18,0.715230673777476
2021-03-19,0.6282492475419208
2021-03-22,0.681747397818742
2021-03-23,0.7010061932475586
2021-03-24,0.6363865766359378
2021-03-25,0.6529696958950393
2021-03-26,0.6507703113708334
2021-03-29,0.6982141035775452
2021-03-30,0.7067733659890802
2021-03-31,0.6010684447321619
2021-04-01,0.5974103148474448
2021-04-05,0.5974103148474448
2021-04-06,0.5762795761563497
2021-04-07,0.5618578673688754
2021-04-08,0.5045796420001278
2021-04-09,0.43873240460123764
2021-04-12,0.47721139722692385
2021-04-13,0.46746721482145476
2021-04-14,0.5950537311263535
2021-04-15,0.6088466462798416
2021-04-16,0.5714848950851134
2021-04-19,0.47063019614777407
2021-04-20,0.5187667926750983
2021-04-21,0.635167602672182
2021-04-22,0.6222800390406629
2021-04-23,0.5281032118083788
2021-04-26,0.6093381537187649
2021-04-27,0.5904723222975754
2021-04-28,0.5332888341916566
2021-04-29,0.4703259169675712
2021-04-30,0.5272461990967707
2021-05-03,0.7258443044897422
2021-05-04,0.6377859095334081
2021-05-05,0.6658624526945466
2021-05-06,0.6880013850823423
2021-05-07,0.7158838709582979
2021-05-10,0.7317736942482973
2021-05-11,0.7288222078090081
2021-05-12,0.7288222078090081
2021-05-13,0.7105768642991587
2021-05-14,0.7089383253679309
2021-05-17,0.7202331899266555
2021-05-18,0.6968390512334424
2021-05-19,0.6870216069101702
2021-05-20,0.6951676307242979
2021-05-21,0.7282369774182511
2021-05-24,0.6973273220114858
2021-05-25,0.7016837347168432
2021-05-26,0.6734657592252768
2021-05-27,0.6964291560362181
2021-05-28,0.697224236879219
2021-06-01,0.6508288795857646
2021-06-02,0.5802401952884536
2021-06-03,0.6595397241890042
2021-06-04,0.6785302174149976
2021-06-07,0.7089258490376386
2021-06-08,0.7122523354381441
2021-06-09,0.7289552739204372
2021-06-10,0.7493751925539048
2021-06-11,0.7130922093427177
2021-06-14,0.7126000315436551
2021-06-15,0.6967709530720663
2021-06-16,0.7201058157659412
2021-06-17,0.5318900364946373
2021-06-18,0.5678655201571743
2021-06-21,0.691138102893334
2021-06-22,0.5082672622901325
2021-06-23,0.7037881300486825
2021-06-24,0.6260777797141288
2021-06-25,0.7051948973501379
2021-06-28,0.6129724425330536
2021-06-29,0.6799149385618362
2021-06-30,0.6072495577067356
2021-07-01,0.6059947081058443
2021-07-02,0.6454394658524767
2021-07-06,0.6941740573987532
2021-07-07,0.6941740573987532
2021-07-08,0.6392991949696551
2021-07-09,0.6307030826252559
2021-07-12,0.6334687197396749
2021-07-13,0.6691271520433044
2021-07-14,0.6186954946513465
2021-07-15,0.6110379576866357
2021-07-16,0.6862651619649629
2021-07-19,0.6883578612824685
2021-07-20,0.6131948916685979
2021-07-21,0.540723198074483
2021-07-22,0.47863395039880513
2021-07-23,0.4832171222614122
2021-07-26,0.48347199748661823
2021-07-27,0.5070531402965864
2021-07-28,0.6418160183837757
2021-07-29,0.46439931801965484
2021-07-30,0.5243255954188532
2021-08-02,0.49838254262080434
2021-08-03,0.4842258232283558
2021-08-04,0.48661553920124795
2021-08-05,0.5094824074516849
2021-08-06,0.5380106144063413
2021-08-09,0.5530414925295521
2021-08-10,0.552925808079976
2021-08-11,0.4770804003662447
2021-08-12,0.500710497521334
2021-08-13,0.5888223937165784
2021-08-16,0.7305371152549573
2021-08-17,0.6906227107378239
2021-08-18,0.6976898135845245
2021-08-19,0.6939802691092432
2021-08-20,0.6815752733513187
2021-08-23,0.6917138957786159
2021-08-24,0.7040497416557328
2021-08-25,0.6993624904228027
2021-08-26,0.7122658732045464
2021-08-27,0.617788263844399
2021-08-30,0.6515165684316471
2021-08-31,0.6236089683076147
2021-09-01,0.5938921106093697
2021-09-02,0.611910642075661
2021-09-03,0.6482566653938023
2021-09-07,0.5196901513560308
2021-09-08,0.5547769476244309
2021-09-09,0.583469486281939
2021-09-10,0.5654000297699325
2021-09-13,0.624702806244917
2021-09-14,0.6188561523735132
2021-09-15,0.624702806244917
2021-09-16,0.5752296052070969
2021-09-17,0.5662353111553868
2021-09-20,0.7174248365958898
2021-09-21,0.7330063509947219
2021-09-22,0.725388467419519
2021-09-23,0.5680741721683418
2021-09-24,0.6043572765148816
2021-09-27,0.6033285077095749
2021-09-28,0.6467149073909683
2021-09-29,0.5678872485634431
2021-09-30,0.6787356353609203
2021-10-01,0.6789905105861263
2021-10-04,0.7025912959430598
2021-10-05,0.6940611513367996
2021-10-06,0.7014751803994933
2021-10-07,0.7082206237099874
2021-10-08,0.707069969317206
2021-10-11,0.6994916839764577
2021-10-12,0.7184364416831255
2021-10-13,0.6671093377094619
2021-10-14,0.667137915167904
2021-10-15,0.6895163531141234
2021-10-18,0.6965626298290369
2021-10-19,0.6382863962308669
2021-10-20,0.632860651752005
2021-10-21,0.6311468866804723
2021-10-22,0.6736874551019396
2021-10-25,0.6355440853415402
2021-10-26,0.634351075128569
2021-10-27,0.6504341321381112
2021-10-28,0.6151511168582111
2021-10-29,0.529051014911982
2021-11-01,0.619181504259611
2021-11-02,0.5882715578713749
2021-11-03,0.5413636790351106
2021-11-04,0.6294326577034723
2021-11-05,0.6380708630903498
2021-11-08,0.6939753050316543
2021-11-09,0.6995577554307859
2021-11-10,0.7225075414171863
2021-11-11,0.7149644675023132
2021-11-12,0.7065553945749274
2021-11-15,0.7348845942607815
2021-11-16,0.751580375645099
2021-11-17,0.7042875343061471
2021-11-18,0.6953590558334672
2021-11-19,0.6501414476015622
2021-11-22,0.6331189908269215
2021-11-23,0.5717743320004349
2021-11-24,0.5624049828998297
2021-11-26,0.7167042065203327
2021-11-29,0.7262546477155728
2021-11-30,0.7219877883440547
2021-12-01,0.7140771014385144
2021-12-02,0.7184364416831255
2021-12-03,0.7140771014385144
2021-12-06,0.7250510907008483
2021-12-07,0.720255553181262
2021-12-08,0.7159467631451069
2021-12-09,0.7176789983078996
2021-12-10,0.6943183661394239
2021-12-13,0.654761895055799
2021-12-14,0.6557518127782258
2021-12-15,0.6368395690286598
2021-12-16,0.7534001519830584
2021-12-17,0.6881133640683484
2021-12-20,0.7186084677731815
2021-12-21,0.6328410611213257
2021-12-22,0.46158151547936627
2021-12-23,0.5404787909320417
2021-12-27,0.5863898315470997
2021-12-28,0.5199552681668175
2021-12-29,0.550394035467489
2021-12-30,0.5089796010136813
2021-12-31,0.5057475402780949
2022-01-03,0.541888279951338
2022-01-04,0.5600663565466768
2022-01-05,0.5149910424074282
2022-01-06,0.5827249014561537
2022-01-07,0.5909984441545892
2022-01-10,0.5738020329491099
2022-01-11,0.6038699073319902
2022-01-12,0.5371429698832296
2022-01-13,0.5163837625725458
2022-01-14,0.45436100966387316
2022-01-18,0.43612121822297345
2022-01-19,0.7323417534576859
2022-01-20,0.5204389412139135
2022-01-21,0.5284470671526427
2022-01-24,0.49351918641761916
2022-01-25,0.7569126358950988
2022-01-26,0.4965710029058183
2022-01-27,0.653778206278167
2022-01-28,0.6776159080368338
2022-01-31,0.6583163723270027
2022-02-01,0.6432773117667717
2022-02-02,0.6334703278843664
2022-02-03,0.6433878746462305
2022-02-04,0.6411389812518798
2022-02-07,0.5874843261423988
2022-02-08,0.6117335218102189
2022-02-09,0.6048963439295972
2022-02-10,0.5740317837553024
2022-02-11,0.6417775130216073
2022-02-14,0.7462684017128589
2022-02-15,0.7422255172830066
2022-02-16,0.7714935566555121
2022-02-17,0.7561881678181501
2022-02-18,0.7569130077001845
2022-02-22,0.738775096831113
2022-02-23,0.7405748296388284
2022-02-24,0.7471222133433097
2022-02-25,0.7213328089438533
2022-02-28,0.7348217866029214
2022-03-01,0.7729522467530028
2022-03-02,0.7066798680822637
2022-03-03,0.6926857782303832
2022-03-04,0.7164388572928562
2022-03-07,0.6935985528283538
2022-03-08,0.6872906768012244
2022-03-09,0.6719878556897754
2022-03-10,0.6827247564417039
2022-03-11,0.6906285500458987
2022-03-14,0.686063422750575
2022-03-15,0.7155136852688191
2022-03-16,0.7446340893430529
2022-03-17,0.7235301918118741
2022-03-18,0.7677092101681888
2022-03-21,0.7446340893430529
2022-03-22,0.7448728442487051
2022-03-23,0.7316961828405069
2022-03-24,0.730303576545305
2022-03-25,0.7282595230597443
2022-03-28,0.7357741987550088
2022-03-29,0.6073590917612667
2022-03-30,0.7307283131594051
2022-03-31,0.7497904595953563
2022-04-01,0.6989715921097622
2022-04-04,0.73668301776796
2022-04-05,0.7906386763375066
2022-04-06,0.7994317012338288
2022-04-07,0.7261007550412081
2022-04-08,0.7090315163000216
2022-04-11,0.724270005320259
2022-04-12,0.728218542005137
2022-04-13,0.7125120998377013
2022-04-14,0.7434736633588318
2022-04-18,0.7239286975357428
2022-04-19,0.7138053002820655
2022-04-20,0.7096610076707879
2022-04-21,0.5957589559949266
2022-04-22,0.7143930797772189
2022-04-25,0.7178385030964274
2022-04-26,0.7277228931373568
2022-04-27,0.7372642998335797
2022-04-28,0.7190398972372776
2022-04-29,0.7413677422030095
2022-05-02,0.6539541426246298
2022-05-03,0.6341725533461431
2022-05-04,0.6118829346960377
2022-05-05,0.6319546732264046
2022-05-06,0.5968396590815845
2022-05-09,0.6056143777522934
2022-05-10,0.5890691040932239
2022-05-11,0.6444950401614439
2022-05-12,0.6499431110189641
2022-05-13,0.6554430811371273
2022-05-16,0.6340731457538354
2022-05-17,0.5964354256890781
2022-05-18,0.6340731457538354
2022-05-19,0.6334093224122151
2022-05-20,0.6563696884702647
2022-05-23,0.6237957059806098
2022-05-24,0.6376102263328042
2022-05-25,0.5916556680366527
2022-05-26,0.5787012468611142
2022-05-27,0.644531267852597
2022-05-31,0.5764145654275302
2022-06-01,0.6043215143418064
2022-06-02,0.6866583895813254
2022-06-03,0.6089261334684801
2022-06-06,0.6212414437752963
2022-06-07,0.6153390011112737
2022-06-08,0.6260260468139048
2022-06-09,0.6091572799979887
2022-06-10,0.7088213244993236
2022-06-13,0.557229840933014
2022-06-14,0.550391063880978
2022-06-15,0.5408136751405259
2022-06-16,0.6088959956786125
2022-06-17,0.6196154020967503
2022-06-21,0.6302943146139882
2022-06-22,0.6302943146139882
2022-06-23,0.6592113354574759
2022-06-24,0.6316334442777125
2022-06-27,0.6279988523632711
2022-06-28,0.6691452194982599
2022-06-29,0.6360096671788508
2022-06-30,0.5898835009228472
2022-07-01,0.5546133893193967
2022-07-05,0.5764367127968052
2022-07-06,0.5725850077974272
2022-07-07,0.5926867950866979
2022-07-08,0.5608936035128339
2022-07-11,0.5927230227778509
2022-07-12,0.6243829540705056
2022-07-13,0.5926867950866979
2022-07-14,0.6182066044745848
2022-07-15,0.6140929581611428
2022-07-18,0.5926867950866979
2022-07-19,0.5550853027130936
2022-07-20,0.6445842708888679
2022-07-21,0.6411669705326344
2022-07-22,0.6495669051049389
2022-07-25,0.661246471229959
2022-07-26,0.7024347259423536
2022-07-27,0.7302669928613856
2022-07-28,0.6338552914285533
2022-07-29,0.6551433175331443
2022-08-01,0.5908809945294677
2022-08-02,0.6094284444235852
2022-08-03,0.65756598771867
2022-08-04,0.6688553323445465
2022-08-05,0.6939211681700642
2022-08-08,0.6476644916255808
2022-08-09,0.5998964433375727
2022-08-10,0.6115211388804559
2022-08-11,0.5922708283581541
2022-08-12,0.5456314019590337
2022-08-15,0.5885133769944808
2022-08-16,0.5548727990713224
2022-08-17,0.5602123158688571
2022-08-18,0.5654262910576238
2022-08-19,0.6313801936086139
2022-08-22,0.6203185653045643
2022-08-23,0.5580236237916285
2022-08-24,0.5871684463295275
2022-08-25,0.5881485758335491
2022-08-26,0.6554256688295352
2022-08-29,0.6303305423051413
2022-08-30,0.6460229374197746
2022-08-31,0.6548147071992425
2022-09-01,0.5936395785797515
2022-09-02,0.5647395205483791
2022-09-06,0.6137051381778691
2022-09-07,0.593732631172469
2022-09-08,0.6263782130783667
2022-09-09,0.7101007935201767
2022-09-12,0.6114731636312724
2022-09-13,0.7147507565735374
2022-09-14,0.606334192759056
2022-09-15,0.6740484658538888
2022-09-16,0.659955282530305
2022-09-19,0.6586570856773799
2022-09-20,0.6767714472784678
2022-09-21,0.6490072415546215
2022-09-22,0.5967864082285216
2022-09-23,0.6394910545276004
2022-09-26,0.64561857849081
2022-09-27,0.6255468399604431
2022-09-28,0.5668640894881507
2022-09-29,0.5773222115869123
2022-09-30,0.6342566732547171
2022-10-03,0.6705017975697508
2022-10-04,0.6860843754626925
2022-10-05,0.7172504876760726
2022-10-06,0.7260959486358228
2022-10-07,0.6885043058834833
2022-10-10,0.5932836165922012
2022-10-11,0.6286498085738376
2022-10-12,0.617551952578635
2022-10-13,0.6299666704777588
2022-10-14,0.5413289437682285
2022-10-17,0.5380189232922044
2022-10-18,0.5288136151361978
2022-10-19,0.5419940729182596
2022-10-20,0.6047063980815763
2022-10-21,0.5441563169405146
2022-10-24,0.5441563169405146
2022-10-25,0.5694826906219028
2022-10-26,0.6260622745050579
2022-10-27,0.6260622745050579
2022-10-28,0.5426683921176376
2022-10-31,0.5443446508270355
2022-11-01,0.5845043461107073
2022-11-02,0.6000047974890229
2022-11-03,0.6160924426169034
2022-11-04,0.7019981941966971
2022-11-07,0.7174680107388797
2022-11-08,0.6117154541606232
2022-11-09,0.6693934744412844
2022-11-10,0.7245831699276382
2022-11-11,0.7340381417032588
2022-11-14,0.7205050518061389
2022-11-15,0.7333278776633032
2022-11-16,0.7317254686339357
2022-11-17,0.7113360471580606
2022-11-18,0.7168470820781103
2022-11-21,0.700183764770714
2022-11-22,0.6987328686248429
2022-11-23,0.7157541053054535
2022-11-25,0.7172746777893417
2022-11-28,0.7437179870036873
2022-11-29,0.7082248410507342
2022-11-30,0.7236414900267963
2022-12-01,0.6804483069972211
2022-12-02,0.6670879476649099
2022-12-05,0.6823957996074805
2022-12-06,0.6606110118653339
2022-12-07,0.7041556156454121
2022-12-08,0.6784461877039917
2022-12-09,0.7097865983741649
2022-12-12,0.7323346672429142
2022-12-13,0.7341774108657806
2022-12-14,0.7390040252007324
2022-12-15,0.7355140277583717
2022-12-16,0.7382346736546894
2022-12-19,0.729018415813359
2022-12-20,0.7012372534318344
2022-12-21,0.718912698802179
2022-12-22,0.7339116187290042
2022-12-23,0.7253566070212453
2022-12-27,0.7077642144560291
2022-12-28,0.7238079646002923
2022-12-29,0.710453526428688
2022-12-30,0.7243523726595756
2023-01-03,0.7488810255639584
2023-01-04,0.7285462191154759
2023-01-05,0.7235628477152369
2023-01-06,0.7275010682597898
2023-01-09,0.7120064839971231
2023-01-10,0.7142356360053987
2023-01-11,0.7072787271173022
2023-01-12,0.6831999429335995
2023-01-13,0.7261133953346068
2023-01-17,0.7106294681751956
2023-01-18,0.7188416678663935
2023-01-19,0.7017717165185148
2023-01-20,0.7147697696119641
2023-01-23,0.6950880862389199
2023-01-24,0.6530604013869256
2023-01-25,0.6530604013869256
2023-01-26,0.6191907820065043
2023-01-27,0.6333504563182094
2023-01-30,0.6491177498352617
2023-01-31,0.6710238849780927
2023-02-01,0.6946122735424839
2023-02-02,0.7201634071067675
2023-02-03,0.7225057489374928
2023-02-06,0.7400560812797975
2023-02-07,0.7375670278207209
2023-02-08,0.7391694368500885
2023-02-09,0.7772211664445103
2023-02-10,0.766212332151707
2023-02-13,0.771759530522316
2023-02-14,0.7804364053052889
2023-02-15,0.7841294749487665
2023-02-16,0.774038353411586
2023-02-17,0.7907666069605042
2023-02-21,0.7825203624131981
2023-02-22,0.7342199715413671
2023-02-23,0.6577370480471455
2023-02-24,0.7565883113312121
2023-02-27,0.6576264851676868
2023-02-28,0.6869128379250092
2023-03-01,0.6308809090161682
2023-03-02,0.652588822943471
2023-03-03,0.6360914092175753
2023-03-06,0.6499367067417786
2023-03-07,0.6303063445294577
2023-03-08,0.6249555261906636
2023-03-09,0.6512336940084749
2023-03-10,0.6523034915075934
2023-03-13,0.7394642179892633
2023-03-14,0.7287561942386042
2023-03-15,0.724282900940578
2023-03-16,0.725023386301034
2023-03-17,0.7565567965646897
2023-03-20,0.7603388496799574
2023-03-21,0.7102283749331801
2023-03-22,0.6865415391459615
2023-03-23,0.7428537313323282
2023-03-24,0.7008271846105323
2023-03-27,0.7028648943463731
2023-03-28,0.7323399782046074
2023-03-29,0.6964563086021666
2023-03-30,0.6871029408833411
2023-03-31,0.7048862993491245
2023-04-03,0.7115811904707124
2023-04-04,0.6678293310878146
2023-04-05,0.6585192921453856
2023-04-06,0.68944036664773
2023-04-10,0.6788203773129424
2023-04-11,0.6784461877039917
2023-04-12,0.6824284194966417
2023-04-13,0.6710432016272773
2023-04-14,0.6988755756819096
2023-04-17,0.7244273345734495
2023-04-18,0.7131429087342008
2023-04-19,0.7432310362013098
2023-04-20,0.7135256387860199
2023-04-21,0.7207715688136336
2023-04-24,0.7526191437426599
2023-04-25,0.7406844566015075
2023-04-26,0.7556207404228508
2023-04-27,0.7582160466830777
2023-04-28,0.7678429338110634
2023-05-01,0.7432773112822926
2023-05-02,0.7238079646002923
2023-05-03,0.7314718020178173
2023-05-04,0.7402521712765576
2023-05-05,0.7238079646002923
2023-05-08,0.7276436453131466
2023-05-09,0.7465099835249983
2023-05-10,0.7323346672429142
2023-05-11,0.7566136376537103
2023-05-12,0.7746771246088443
2023-05-15,0.7689713870288821
2023-05-16,0.744390687509122
2023-05-17,0.733277334091076
2023-05-18,0.7652734927068464
2023-05-19,0.798275798114377
2023-05-22,0.6846572793355368
2023-05-23,0.6918127347500531
2023-05-24,0.6976292370606816
2023-05-25,0.6760857198911969
2023-05-26,0.6916260760179993
2023-05-30,0.6969500372407123
2023-05-31,0.6863945514661722
2023-06-01,0.7643128962923342
2023-06-02,0.7796281402327885
2023-06-05,0.7938574409972629
2023-06-06,0.7872841501345924
2023-06-07,0.7373418693608842
2023-06-08,0.7710767240694272
2023-06-09,0.7710767240694272
2023-06-12,0.775660514390983
2023-06-13,0.6913872428181513
2023-06-14,0.8012799701564312
2023-06-15,0.749014038705195
2023-06-16,0.7617394548356469
2023-06-20,0.6195052003640928
2023-06-21,0.6195052003640928
2023-06-22,0.5954699048963673
2023-06-23,0.5761207782635321
2023-06-26,0.5765468929341556
2023-06-27,0.5035238551085831
2023-06-28,0.49540345397281127
2023-06-29,0.4907414934900979
2023-06-30,0.5946919639363589
2023-07-03,0.5986732207668573
2023-07-05,0.6386317338363592
2023-07-06,0.5503240049764728
2023-07-07,0.6204503146562976
2023-07-10,0.6080355967571738
2023-07-11,0.6671359581761175
2023-07-12,0.5490648113967689
2023-07-13,0.5563951668429187
2023-07-14,0.5924463454319656
2023-07-17,0.6313499253474073
2023-07-18,0.5825272959230001
2023-07-19,0.5813021320774149
2023-07-20,0.6192157493604065
2023-07-21,0.6012233801770612
2023-07-24,0.6013153914915165
2023-07-25,0.6218986256989767
2023-07-26,0.633910612477231
2023-07-27,0.5449592081952706
2023-07-28,0.5904152103769461
2023-07-31,0.5521196874733654
2023-08-01,0.5087552636692079
2023-08-02,0.5577603668266596
2023-08-03,0.5541371064599694
2023-08-04,0.5920017381124283
2023-08-07,0.6022846361025685
2023-08-08,0.6265933385886859
2023-08-09,0.6768088867166049
2023-08-10,0.6671284961890308
2023-08-11,0.6706904354473212
2023-08-14,0.6706904354473212
2023-08-15,0.6403574956959388
2023-08-16,0.6403574956959388
2023-08-17,0.628352152513244
2023-08-18,0.6395613165192275
2023-08-21,0.5999452914406681
2023-08-22,0.5873212683518394
2023-08-23,0.6343861511171781
2023-08-24,0.6387940035121529
2023-08-25,0.6587549808574784
2023-08-28,0.6771136528016368
2023-08-29,0.5922210438931208
2023-08-30,0.5687252874091202
2023-08-31,0.6220815493235483
2023-09-01,0.6326157347528131
2023-09-05,0.6612256870249784
2023-09-06,0.6569617989990949
2023-09-07,0.6512623055692992
2023-09-08,0.6512623055692992
2023-09-11,0.6536861622073202
2023-09-12,0.6653597990123801
2023-09-13,0.6706904354473212
2023-09-14,0.6608060454063919
2023-09-15,0.6567361033451241
2023-09-18,0.6379194591159936
2023-09-19,0.6229078472629836
2023-09-20,0.5813133934822616
2023-09-21,0.5628547440977705
2023-09-22,0.5834930682910928
2023-09-25,0.6286061084179441
2023-09-26,0.633662226184132
2023-09-27,0.6092002215813715
2023-09-28,0.5781931289588854
2023-09-29,0.5949132430431561
2023-10-02,0.6021103935563811
2023-10-03,0.6389964829495592
2023-10-04,0.6237784979448899
2023-10-05,0.6087530383469176
2023-10-06,0.5340686412971273
2023-10-09,0.6632431127506343
2023-10-10,0.6362522288676583
2023-10-11,0.6786686983645305
2023-10-12,0.6689786386703493
2023-10-13,0.648272673599272
2023-10-16,0.6788494000175984
2023-10-17,0.6719941970828978
2023-10-18,0.7238415257660616
2023-10-19,0.7265634222341594
2023-10-20,0.7391515392703506
2023-10-23,0.7417037134162111
2023-10-24,0.7607452238054698
2023-10-25,0.7340218130308178
2023-10-26,0.6959125161379898
2023-10-27,0.699451872990404
2023-10-30,0.6945503767769705
2023-10-31,0.7366516875130024
2023-11-01,0.727103184951834
2023-11-02,0.7278580870431839
2023-11-03,0.7234544554700612
2023-11-06,0.7320529652656494
2023-11-07,0.6902306577304976
2023-11-08,0.5390394421770475
2023-11-09,0.6954020311756444
2023-11-10,0.5769911133638497
2023-11-13,0.5326924670390702
2023-11-14,0.5773311450806468
2023-11-15,0.5652966620134338
2023-11-16,0.6922674460245569
2023-11-17,0.6766746905093257
2023-11-20,0.6934484455393038
2023-11-21,0.7196671525699181
2023-11-22,0.7249743558468367
2023-11-24,0.7240822943795808
2023-11-27,0.7333624807134135
2023-11-28,0.7482671210830711
2023-11-29,0.7864461806104448
2023-11-30,0.7983193888846409
2023-12-01,0.792779439265874
2023-12-04,0.7215960457528526
2023-12-05,0.7337787390801116
2023-12-06,0.7162965797666797
2023-12-07,0.6831413828542963
2023-12-08,0.7256124789950452
2023-12-11,0.6951369349823391
2023-12-12,0.6691806974485193
2023-12-13,0.6631253339030241
2023-12-14,0.7106161320607317
2023-12-15,0.733696788058715
2023-12-18,0.7246252771194865
2023-12-19,0.7074331928888201
2023-12-20,0.7281568541869525
2023-12-21,0.732300029304294
2023-12-22,0.728218542005137
2023-12-26,0.7359154123003323
2023-12-27,0.7368786181706743
2023-12-28,0.7389745562723012
2023-12-29,0.7551805240494549
2024-01-02,0.7585700519306977
2024-01-03,0.7563779357980905
2024-01-04,0.7574134587343482
2024-01-05,0.7596729088664873
2024-01-08,0.7401353711630336
2024-01-09,0.6628152835873271
2024-01-10,0.6113942960317948
2024-01-11,0.5681570047316196
2024-01-12,0.639842030531365
2024-01-16,0.6227182891246453
2024-01-17,0.6163385651230173
2024-01-18,0.6832244247242156
2024-01-19,0.6742343028162645
2024-01-22,0.6419381999320628
2024-01-23,0.6780598327448984
2024-01-24,0.6668523116804053
2024-01-25,0.6692537143174602
2024-01-26,0.6728081915886639
2024-01-29,0.6425045377471377
2024-01-30,0.5718132093750883
2024-01-31,0.49861029442178245
2024-02-01,0.561476407724504
2024-02-02,0.7056551512079009
2024-02-05,0.6687550642723826
2024-02-06,0.6698466351796016
2024-02-07,0.6744995492607448
2024-02-08,0.649836895128135
2024-02-09,0.6463818610214753
2024-02-12,0.6637133210695707
2024-02-13,0.6596778580356879
2024-02-14,0.6954297043392712
2024-02-15,0.7022202383776259
2024-02-16,0.655230344658349
2024-02-20,0.5464186203793843
2024-02-21,0.5531085580368383
2024-02-22,0.5616615066626259
2024-02-23,0.5263054283867257
2024-02-26,0.5484123176105116
2024-02-27,0.5022053463033636
2024-02-28,0.5279043365326576
2024-02-29,0.5501226489824806
2024-03-01,0.7253898908919337
2024-03-04,0.6089900333438559
2024-03-05,0.5498796290481086
2024-03-06,0.5417650031698863
2024-03-07,0.5102906696588756
2024-03-08,0.5098284712490794
2024-03-11,0.4332363518086237
2024-03-12,0.44151620347310894
2024-03-13,0.3658717577187794
2024-03-14,0.37623730944141565
2024-03-15,0.3926531603436166
2024-03-18,0.42607281530171026
2024-03-19,0.4786641511127958
2024-03-20,0.5337748731744563
2024-03-21,0.4732915055997453
2024-03-22,0.4921623552538651
2024-03-25,0.5061662579921266
2024-03-26,0.5172172949266994
2024-03-27,0.501698019851957
2024-03-28,0.4371908298375168
2024-04-01,0.5097691217020006
2024-04-02,0.5564600490090849
2024-04-03,0.4889747772453258
2024-04-04,0.5085784822463415
2024-04-05,0.4207085959976616
2024-04-08,0.5071782288777996
2024-04-09,0.5104022341471645
2024-04-10,0.3873871820043825
2024-04-11,0.39753046928479635
2024-04-12,0.3428794409776164
2024-04-15,0.3568620426371328
2024-04-16,0.40005499272265466
2024-04-17,0.3901021024748002
2024-04-18,0.3251428317234509
2024-04-19,0.3763451442052327
2024-04-22,0.4360010353862812
2024-04-23,0.44309378964968726
2024-04-24,0.4167049099434837
2024-04-25,0.5169218528124336
2024-04-26,0.5451553743123576
2024-04-29,0.5424795830344156
2024-04-30,0.47935362468111586
2024-05-01,0.4684031577897422
2024-05-02,0.453952911979324
2024-05-03,0.5000088771670506
2024-05-06,0.540585687819556
2024-05-07,0.5599371698949396
2024-05-08,0.4920453293645316
2024-05-09,0.5716814920326991
2024-05-10,0.5799455863751076
2024-05-13,0.5647713261470038
2024-05-14,0.5148575316596666
2024-05-15,0.4920091287673931
2024-05-16,0.45547488558456967
2024-05-17,0.5431543805568071
2024-05-20,0.5593614185458521
2024-05-21,0.556819642300131
2024-05-22,0.4383833187825233
2024-05-23,0.6196026589206922
2024-05-24,0.6322295140504153
2024-05-28,0.6324841900127114
2024-05-29,0.6216898780730994
2024-05-30,0.6128583942985558
2024-05-31,0.5501457783576595
2024-06-03,0.6309816071996528
2024-06-04,0.53129233533284
2024-06-05,0.6344758159355491
2024-06-06,0.6711437217046231
2024-06-07,0.5401172069820885
2024-06-10,0.5604384274907898
2024-06-11,0.5352472302117263
2024-06-12,0.5177018835708318
2024-06-13,0.5657859103208808
2024-06-14,0.5367513588421622
2024-06-17,0.5583958451702797
2024-06-18,0.5421809130575015
2024-06-20,0.5581800665803179
2024-06-21,0.5266327163328214
2024-06-24,0.48677551277541287
2024-06-25,0.4986549724984054
2024-06-26,0.5451572054279763
2024-06-27,0.5048997854808756
2024-06-28,0.5230964733063701
2024-07-01,0.5413096754228299
2024-07-02,0.5256339467672965
2024-07-03,0.5173604175665456
2024-07-05,0.5477460773495542
2024-07-08,0.5224257690398006
2024-07-09,0.5471496020986416
2024-07-10,0.5242557820865168
2024-07-11,0.677197173759788
2024-07-12,0.6780634927058822
2024-07-15,0.5992594768844742
2024-07-16,0.5795284233667228
2024-07-17,0.5285370597996684
2024-07-18,0.5714093880697635
2024-07-19,0.5682852153520305
2024-07-22,0.5698106853768914
2024-07-23,0.6282728163381973
2024-07-24,0.6489309517579661
2024-07-25,0.4675003662209097
2024-07-26,0.5284263816141185
2024-07-29,0.5304272258065954
2024-07-30,0.5565140373060081
2024-07-31,0.7354712864482903
2024-08-01,0.7064801322441292
2024-08-02,0.685370760027382
2024-08-05,0.4885750614624884
2024-08-06,0.496304042874129
2024-08-07,0.4767204221886934
2024-08-08,0.7359987212876649
2024-08-09,0.6878089711395682
2024-08-12,0.6007732564649769
2024-08-13,0.5999530508276657
2024-08-14,0.7160450978684104
2024-08-15,0.7302122095442944
2024-08-16,0.6069907605002579
2024-08-19,0.5749785151055312
2024-08-20,0.5709893666654822
2024-08-21,0.5641274940945514
2024-08-22,0.5179405881194469
2024-08-23,0.5229652893633514
2024-08-26,0.46855626459495914
2024-08-27,0.5013899745839799
2024-08-28,0.48605398518714277
2024-08-29,0.5279022426803007
2024-08-30,0.41901893312404537
2024-09-03,0.45811965227421875
2024-09-04,0.45693355619681564
2024-09-05,0.5669246342172571
2024-09-06,0.49176410653113134
2024-09-09,0.5396181835842371
2024-09-10,0.5749931578516994
2024-09-11,0.5898687645312078
2024-09-12,0.5354326770927883
2024-09-13,0.5040254031550502
2024-09-16,0.56667196948762
2024-09-17,0.5599497539721416
2024-09-18,0.5486341998211429
2024-09-19,0.5074074364296111
2024-09-20,0.5457618968200314
2024-09-23,0.5552802668342102
2024-09-24,0.5721660353759549
2024-09-25,0.5329143927266154
2024-09-26,0.5720582775426633
2024-09-27,0.4542740576674241
2024-09-30,0.4610377204612375
2024-10-01,0.4646729356649713
2024-10-02,0.4920584227573667
2024-10-03,0.4996213839312308
2024-10-04,0.4984278352358005
2024-10-07,0.5070862320270211
2024-10-08,0.46842447303156626
2024-10-09,0.4379012440665167
2024-10-10,0.5133636949125692
2024-10-11,0.5432273568146937
2024-10-14,0.533730899187711
2024-10-15,0.5872430611046672
2024-10-16,0.5908207299037169
2024-10-17,0.6102272936116849
2024-10-18,0.5809650219420667
2024-10-21,0.5358293112140915
2024-10-22,0.5651981360810652
2024-10-23,0.5223142658161481
2024-10-24,0.5893093358702781
2024-10-25,0.5436780300265507
2024-10-28,0.5194430764521263
2024-10-29,0.5344734533224547
2024-10-30,0.5535897315275777
2024-10-31,0.42296479561883016
2024-11-01,0.41834985909602906
2024-11-04,0.4175422149002156
2024-11-05,0.4938747043096011
2024-11-06,0.46553686672627964
2024-11-07,0.5220368767407013
2024-11-08,0.46993282977049156
2024-11-11,0.5600474454930773
2024-11-12,0.5709028843254929
2024-11-13,0.5744801229527929
2024-11-14,0.45091132914366927
2024-11-15,0.4919157660071626
2024-11-18,0.5536036332926947
2024-11-19,0.5624497599812288
2024-11-20,0.5624497599812288
2024-11-21,0.5710173771583927
2024-11-22,0.6757350467578672
2024-11-25,0.5628553080307059
2024-11-26,0.5626297457681555
2024-11-27,0.5269010816719583
2024-11-29,0.5593008307595022
2024-12-02,0.5334327007706456
2024-12-03,0.5313771012911331
2024-12-04,0.520042660886323
2024-12-05,0.5562464632645198
2024-12-06,0.5550512438995998
2024-12-09,0.5308164479750808
2024-12-10,0.5556079993065135
2024-12-11,0.6868967533647556
2024-12-12,0.516070039981557
2024-12-13,0.508574115071917
2024-12-16,0.524317420917655
2024-12-17,0.4912436434965537
2024-12-18,0.44791941084580184
2024-12-19,0.5641045894217351
2024-12-20,0.5136366921132988
2024-12-23,0.5486010042404216
2024-12-24,0.4969634517935746
2024-12-26,0.5230432793451094
2024-12-27,0.5357286771330262
2024-12-30,0.580197247902484
2024-12-31,0.5253119197938918
2025-01-02,0.5546281565043645
2025-01-03,0.556705401600368
2025-01-06,0.5499928488622332
2025-01-07,0.5324403146714478
2025-01-08,0.5476122014983699
2025-01-09,0.5581409699450737
2025-01-10,0.5262020266066907
2025-01-13,0.5510036586022047
2025-01-14,0.49426272834154983
2025-01-15,0.5419970051628057
2025-01-16,0.6189050663970088
2025-01-17,0.6143849291483849
2025-01-21,0.6236271793883919
2025-01-22,0.6187968251912686
2025-01-23,0.6705983323509387
2025-01-24,0.5832977981554365
2025-01-27,0.5771429263832095
2025-01-28,0.6382611325941234
2025-01-29,0.6018079620999578
2025-01-30,0.5515442178793567
2025-01-31,0.5358622741368584
2025-02-03,0.48616194369971427
2025-02-04,0.3965006382379159
2025-02-05,0.3969444005496794
2025-02-06,0.515246264934346
2025-02-07,0.5228645005119643
2025-02-10,0.47447652766131243
2025-02-11,0.46918917365515034
2025-02-12,0.39966978430637673
2025-02-13,0.5132622619099224
2025-02-14,0.4303788821348662
2025-02-18,0.4676517254161884
2025-02-19,0.464002085194832
2025-02-20,0.5298882049644724
2025-02-21,0.48029884267863493
2025-02-24,0.5151450696362431
2025-02-25,0.45445506031426774
2025-02-26,0.4336212233097282
2025-02-27,0.4610462944179
2025-02-28,0.5038570815547614
2025-03-03,0.559244258483468
2025-03-04,0.5637083976865616
2025-03-05,0.5617016958394554
2025-03-06,0.5580785694316514
2025-03-07,0.5606937743348578
2025-03-10,0.5730033317790167
2025-03-11,0.5434829077592442
2025-03-12,0.5705667288353868
2025-03-13,0.5551234098355147
2025-03-14,0.5171972139643091
2025-03-17,0.5604937595817059
2025-03-18,0.5542660485458101
2025-03-19,0.5441808028449867
2025-03-20,0.5133934709509058
2025-03-21,0.4622136435179671
2025-03-24,0.4286918775229741
2025-03-25,0.42038233805939
2025-03-26,0.4239686966443747
2025-03-27,0.43330151375725856
2025-03-28,0.49973835078976325
2025-03-31,0.5017205006372432
2025-04-01,0.526912354239746
2025-04-02,0.4593507082751069
2025-04-03,0.5429569696997552
2025-04-04,0.5792594143471377
2025-04-07,0.5460986039203289
2025-04-08,0.6133874180257101
2025-04-09,0.5404930025495892
2025-04-10,0.5090308725477604
2025-04-11,0.4832336351160748
2025-04-14,0.5323081778807471
2025-04-15,0.5409198858896673
2025-04-16,0.4655823041314475
2025-04-17,0.46101425385521894
2025-04-21,0.46518669261349743
2025-04-22,0.472450175795175
2025-04-23,0.4044455329003792
2025-04-24,0.48402092828719673
2025-04-25,0.5351629786737682
2025-04-28,0.5172207750308072
2025-04-29,0.5440051128266334
2025-04-30,0.5310422783634108
2025-05-01,0.4990091442793072
2025-05-02,0.5353770889049883
2025-05-05,0.4969905032710775
2025-05-06,0.49586192597782314
2025-05-07,0.5129855954025546
2025-05-08,0.4687596195518971
2025-05-09,0.5464315130060773
2025-05-12,0.6475549651016639
2025-05-13,0.5995738743163799
2025-05-14,0.6971861742482381
2025-05-15,0.6721889937010814
2025-05-16,0.7063339442833005
2025-05-19,0.6779394219505018
2025-05-20,0.5220049179619856
2025-05-21,0.47937750974421345
2025-05-22,0.48330627163046974
2025-05-23,0.5380508827112214
2025-05-27,0.5677730559594761
2025-05-28,0.5849184471112279
2025-05-29,0.5520164574259839
2025-05-30,0.6479704101947323
2025-06-02,0.5400661401076414
2025-06-03,0.491599470109694
2025-06-04,0.5435539419381387
2025-06-05,0.6200080328283643
2025-06-06,0.645954023702376
2025-06-09,0.6779574697741599
2025-06-10,0.671369105440971
2025-06-11,0.6704381199906314
2025-06-12,0.5957675278950092
2025-06-13,0.5051858455275124
2025-06-16,0.5943930458969474
2025-06-17,0.6144214763475623
2025-06-18,0.6112571269610064
2025-06-20,0.6633753202398857
2025-06-23,0.6955146594098383
2025-06-24,0.49864355937948196
2025-06-25,0.5167592984515471
2025-06-26,0.5025825088145277
2025-06-27,0.5093438932607219
2025-06-30,0.5261514276904866
2025-07-01,0.5446167456700455
2025-07-02,0.5460405401947332
2025-07-03,0.5372688813120778
2025-07-04,0.521559264157365
2025-07-07,0.5316019452666174
2025-07-08,0.4973952061530421
2025-07-09,0.48246511391009694
2025-07-10,0.4827232501465938
2025-07-11,0.5203842420765682
2025-07-14,0.5305070794551716
2025-07-15,0.49939637378977597
2025-07-16,0.49643246395948637
2025-07-17,0.5015718357197476
2025-07-18,0.45267221017947207
2025-07-21,0.6059290547553934
2025-07-22,0.6738686638264592
2025-07-23,0.5702292233580166
2025-07-24,0.5079734485397013
2025-07-25,0.46229449730667727
2025-07-28,0.3368420097757325
2025-07-29,0.2924549208919893
2025-07-30,0.4367123003954725
2025-07-31,0.3959854328317339
2025-08-01,0.5534568889456861
2025-08-04,0.5556205822314969
2025-08-05,0.5575805099391806
2025-08-06,0.5515427687682434
2025-08-07,0.522808121573213
2025-08-08,0.5605114597309346
2025-08-11,0.5250935608308928
2025-08-12,0.5106465967567972
2025-08-13,0.5427728287067316
2025-08-14,0.503659472022752
2025-08-15,0.5019106873283473
2025-08-18,0.5748625255367731
2025-08-19,0.5657859103208808
2025-08-20,0.5562949683691458
2025-08-21,0.5565418494223104
2025-08-22,0.5430760674413067
2025-08-25,0.537704095627133
2025-08-26,0.5448806501163721
2025-08-27,0.5230350209849431
2025-08-28,0.5460381774313791
2025-08-29,0.5980336543577776
2025-09-02,0.5430986398862931
2025-09-03,0.5312504413544317
2025-09-04,0.5525865319813427
2025-09-05,0.5304884739413784
2025-09-08,0.5421064075719851
2025-09-09,0.4432640119227063
2025-09-10,0.39118256849114197
2025-09-11,0.4316388142873343
2025-09-12,0.39100622705309623
2025-09-15,0.428387854054216
2025-09-16,0.41858538608516066
2025-09-17,0.46721332373691926
2025-09-18,0.4245906693892271
2025-09-19,0.4098075816343152
2025-09-22,0.46506269745233375
2025-09-23,0.48985507852526633
2025-09-24,0.4114508793184677
2025-09-25,0.4162236306898618
2025-09-26,0.4588396770400017
2025-09-29,0.4879453930507632
2025-09-30,0.46817324970439406
2025-10-01,0.4230857126537688
2025-10-02,0.47376282059489816
2025-10-03,0.5360400166605437
2025-10-06,0.49609733546785595
2025-10-07,0.41384526548399136
2025-10-08,0.4197954274021498
2025-10-09,0.4902980626248028
2025-10-10,0.4852300808218513
2025-10-13,0.4753047788935718
2025-10-14,0.3973151205903206
2025-10-15,0.3836553477613257
2025-10-16,0.4283179791475772
2025-10-17,0.4440247723357505
2025-10-20,0.43864178992263697
2025-10-21,0.46932538959821235
2025-10-22,0.45581972412854144
2025-10-23,0.4414542879518388
2025-10-24,0.44389316260425493
2025-10-27,0.5417472223488644
2025-10-28,0.5256685195162294
2025-10-29,0.5328535631070801
2025-10-30,0.5432152373149977
2025-10-31,0.5209004591408648
2025-11-03,0.4746337596443597
2025-11-04,0.5721827182390794
2025-11-05,0.52081590108337
2025-11-06,0.5189589596993617
2025-11-07,0.49670352658438316
2025-11-10,0.4482263118179389
2025-11-11,0.4444337540223973
2025-11-12,0.45600971427174863
2025-11-13,0.46517927252657654
2025-11-14,0.4493976338009153
2025-11-17,0.4713887076003179
2025-11-18,0.5892761639254938
2025-11-19,0.47942534055769814
2025-11-20,0.6336658452736909
2025-11-21,0.5755228599101752
2025-11-24,0.6100898880255639
2025-11-25,0.4739466909683376
2025-11-26,0.4614520347594098
2025-11-28,0.5395676304090828
2025-12-01,0.5147934791888696
2025-12-02,0.48693874792153435
2025-12-03,0.514018003592485
2025-12-04,0.5262564054164454
2025-12-05,0.5650688629261335
2025-12-08,0.6063411992045934
2025-12-09,0.5015190925779728
2025-12-10,0.5179714638731593
2025-12-11,0.5254593863724699
2025-12-12,0.5007218666634147
2025-12-15,0.5332873261302098
2025-12-16,0.5667865131237578
2025-12-17,0.545373000698853
2025-12-18,0.5512277691587879
2025-12-19,0.504383792153613
2025-12-22,0.3922947069771567
2025-12-23,0.39759077862137604
2025-12-24,0.4180308358267327
2025-12-26,0.39759077862137604
2025-12-29,0.6317713440086338
2025-12-30,0.5370563175417076
2025-12-31,0.6433448224075253
2026-01-02,0.6723518422883094
2026-01-05,0.5578783205748563
2026-01-06,0.5319167059645786
2026-01-07,0.5366513164714545
2026-01-08,0.5367089551429385
2026-01-09,0.5591092870767267
2026-01-12,0.5217540481416498
2026-01-13,0.4798144608421356
2026-01-14,0.4934009069718984
2026-01-15,0.4781423150649508
2026-01-16,0.5354160187594356
2026-01-20,0.4105362841510482
2026-01-21,0.4178787088587228
2026-01-22,0.4178787088587228
2026-01-23,0.4178787088587228
2026-01-26,0.4178787088587228
2026-01-27,0.4053493093854928
2026-01-28,0.4178787088587228
2026-01-29,0.40506776066375333
2026-01-30,0.4855856244123796
2026-02-02,0.5469338120669438
2026-02-03,0.443190420624081
2026-02-04,0.44046855195437595
2026-02-05,0.4495425897909354
2026-02-06,0.42633522304961174
2026-02-09,0.42450560732697024
2026-02-10,0.42900378722616006
2026-02-11,0.43340072331192836
2026-02-12,0.5148454607955145
2026-02-13,0.4027922078682803
2026-02-17,0.5213842839953108
2026-02-18,0.5296561399102426
2026-02-19,0.4713048582711967
2026-02-20,0.44801659422506485
2026-02-23,0.5473708113418632
2026-02-24,0.48046798763024084
2026-02-25,0.5075513038541362
2026-02-26,0.5399676293283833
2026-02-27,0.4601338519074184
2026-03-02,0.46806289119787803
2026-03-03,0.43800621254723976
2026-03-04,0.5088313918207691
2026-03-05,0.47202022686099754
2026-03-06,0.5313989791565773
2026-03-09,0.504496228866646
2026-03-10,0.5221539010485096
2026-03-11,0.5102191455055398
2026-03-12,0.48241402003779943
2026-03-13,0.5837632729236432
2026-03-16,0.6886828663246704
2026-03-17,0.6574870980178171
2026-03-18,0.5674279437493256
2026-03-19,0.5777136069547916
2026-03-20,0.5025134675426984
2026-03-23,0.6126216819393376
2026-03-24,0.6014074075382283
2026-03-25,0.6238748339993525
2026-03-26,0.6175634250675094
2026-03-27,0.622107788734069
2026-03-30,0.6285226694960143
2026-03-31,0.6428820314711184
2026-04-01,0.5633547455704513
2026-04-02,0.6154708406027861
2026-04-06,0.628884499528101
2026-04-07,0.6348477928372674
2026-04-08,0.667361085180959
2026-04-09,0.6384110870618485
2026-04-10,0.6727063246049625
2026-04-13,0.6882719597675349
2026-04-14,0.5537891673793156
2026-04-15,0.6567780473379532
2026-04-16,0.5703290539120907
2026-04-17,0.44461153803798875
2026-04-20,0.5970581575475756
2026-04-21,0.6032329091573827
2026-04-22,0.5786902655905354
2026-04-23,0.5842729101062419
