cot_date,net_spec,net_comm,open_interest,cot_index_52w,net_spec_norm,cot_change_4w,cot_change_norm,cot_extreme_bull,cot_extreme_bear
2013-01-08,21002,-40311,173224,,12.124186025031173,,,0.0,0.0
2013-01-15,22397,-41285,176808,,12.667413239219943,,,0.0,0.0
2013-01-22,26336,-43732,178525,,14.751995518834898,,,0.0,0.0
2013-01-29,29580,-46156,180631,,16.375926612818397,,,0.0,0.0
2013-02-05,29628,-46970,185547,,15.967921874242105,8626.0,0.04648956868071163,0.0,0.0
2013-02-12,25674,-45423,187263,,13.710129603819226,3277.0,0.017499452641472155,0.0,0.0
2013-02-19,16867,-41141,194716,,8.662359539020933,-9469.0,-0.04862979929743832,0.0,0.0
2013-02-26,11652,-39138,178020,,6.545331985170205,-17928.0,-0.10070778564206269,0.0,0.0
2013-03-05,6118,-36374,181614,,3.368683031043862,-23510.0,-0.12945037276861915,0.0,0.0
2013-03-12,5040,-35739,181986,,2.76944380336949,-20634.0,-0.11338234809271043,0.0,0.0
2013-03-19,2774,-34383,187780,,1.4772606241346256,-14093.0,-0.07505059111726488,0.0,0.0
2013-03-26,632,-33797,184304,,0.34291171108603175,-11020.0,-0.0597925167115201,0.0,0.0
2013-04-02,-2982,-29671,194032,,-1.5368598993980374,-9100.0,-0.046899480498062175,0.0,0.0
2013-04-09,-560,-30127,200810,,-0.2788705741745929,-5600.0,-0.02788705741745929,0.0,0.0
2013-04-16,7694,-33525,220027,,3.4968435691983255,4920.0,0.022360892072336578,0.0,0.0
2013-04-23,5689,-31242,228069,,2.4944205481674406,5057.0,0.022173114276819735,0.0,0.0
2013-04-30,6190,-27482,194361,,3.184795303584567,9172.0,0.04719053719624822,0.0,0.0
2013-05-07,5122,-27842,198365,,2.5821087389408417,5682.0,0.028644166057520227,0.0,0.0
2013-05-14,1413,-26034,202407,,0.698098385925388,-6281.0,-0.031031535470611195,0.0,0.0
2013-05-21,-187,-26132,214292,,-0.08726410691953036,-5876.0,-0.027420528997816065,0.0,0.0
2013-05-28,63,-27082,200841,,0.031368097151478036,-6127.0,-0.03050671924557237,0.0,0.0
2013-06-04,1230,-26910,203885,,0.6032812614954508,-3892.0,-0.019089192436912965,0.0,0.0
2013-06-11,-545,-27943,208581,,-0.26128937918602363,-1958.0,-0.009387240448554757,0.0,0.0
2013-06-18,-100,-28323,212576,,-0.047041999096793616,87.0,0.00040926539214210445,0.0,0.0
2013-06-25,586,-28423,195144,,0.30029106710941667,523.0,0.0026800721518468414,0.0,0.0
2013-07-02,3763,-28916,196611,20.683839313094143,1.9139315704614697,2533.0,0.012883307648097003,0.0,1.0
2013-07-09,4705,-28087,195895,23.57252376571604,2.401796880982159,5250.0,0.026800071466857246,0.0,1.0
2013-07-16,4830,-30050,194416,23.955841766329346,2.4843634268784465,4930.0,0.02535799522673031,0.0,1.0
2013-07-23,6321,-29819,194671,28.528058877644895,3.2470167616131835,5735.0,0.029459960651560837,0.0,0.0
2013-07-30,6675,-28737,194534,29.613615455381787,3.431276794801937,2912.0,0.014969105657622833,0.0,0.0
2013-08-06,4358,-27770,194918,22.508432996013493,2.2358119824746816,-347.0,-0.0017802357914610246,0.0,1.0
2013-08-13,11423,-32994,199824,44.173566390677706,5.7165305468812555,6593.0,0.03299403475058051,0.0,0.0
2013-08-20,16139,-33746,201093,58.635387917816615,8.025639878066368,9818.0,0.04882318131411834,0.0,0.0
2013-08-27,16469,-36489,182448,59.64734743943576,9.026681575024115,9794.0,0.053681048846794706,0.0,0.0
2013-09-03,19375,-35539,177845,68.55872431769396,10.89431808597374,15017.0,0.08443869661784138,0.0,0.0
2013-09-10,16605,-33144,173286,60.064397424103035,9.582424431287006,5182.0,0.029904320025853214,0.0,0.0
2013-09-17,13992,-32471,174995,52.051517939282434,7.995657018771965,-2147.0,-0.01226892196919912,0.0,0.0
2013-09-24,12198,-31748,175373,46.550137994480224,6.955460646735815,-4271.0,-0.02435380588802153,0.0,0.0
2013-10-01,12607,-31022,175272,47.804354492486965,7.192820302158929,-6768.0,-0.038614268108996305,0.0,0.0
2013-10-08,14973,-32868,176138,55.05979760809567,8.500721025559505,-1632.0,-0.009265462307963074,0.0,0.0
2013-10-15,13609,-32365,176789,50.87703158540325,7.6978771303644455,-383.0,-0.002166424381607453,0.0,0.0
2013-10-22,18147,-35891,177485,64.79300827966881,10.224526016283066,5949.0,0.03351832549229512,0.0,0.0
2013-10-29,19974,-35374,174026,70.39558417663294,11.477595301851448,7367.0,0.04233275487570823,0.0,0.0
2013-11-05,18369,-35466,174212,65.47378104875806,10.544049778430878,3396.0,0.01949349068950474,0.0,0.0
2013-11-12,9782,-34045,186365,39.14136767862619,5.248839642636762,-3827.0,-0.020534971695329057,0.0,0.0
2013-11-19,4657,-29464,197970,23.425329653480528,2.352376622720614,-13490.0,-0.0681416376218619,0.0,1.0
2013-11-26,710,-27238,169815,11.321680466114689,0.4181020522333127,-19264.0,-0.11344109766510614,0.0,1.0
2013-12-03,-5386,-23975,174124,0.0,-3.0931979508855756,-23755.0,-0.1364257655463922,0.0,1.0
2013-12-10,-722,-27059,172292,13.32038613126178,-0.41905602117335683,-10504.0,-0.06096626657070554,0.0,1.0
2013-12-17,1921,-28239,174141,20.868795339007253,1.1031290735668224,-2736.0,-0.01571140627422606,0.0,1.0
2013-12-24,1537,-27874,173041,19.772091163534586,0.8882288012667519,827.0,0.004779214174675366,0.0,1.0
2013-12-31,5573,-29756,171427,31.298909007825443,3.250946467009281,10959.0,0.06392808600745507,0.0,0.0
2014-01-07,7260,-29830,170272,36.11698177871708,4.263766209359144,7982.0,0.04687793647810562,0.0,0.0
2014-01-14,8791,-30627,174993,40.48951847832296,5.023629516609236,6870.0,0.039258713205671085,0.0,0.0
2014-01-21,7322,-29364,179859,36.29405380704861,4.070966701694105,5785.0,0.032164084088091224,0.0,0.0
2014-01-28,1492,-28174,183561,19.643571142971382,0.8128088210458649,-4081.0,-0.02223239141211913,0.0,1.0
2014-02-04,-353,-21821,189297,16.204121056020604,-0.1864794476404803,-7613.0,-0.040217224784333615,0.0,1.0
2014-02-11,7675,-23806,187895,51.50236593059937,4.084728172649618,-1116.0,-0.005939487479709412,0.0,0.0
2014-02-18,18504,-29622,194241,94.20347003154575,9.52631009930962,11182.0,0.05756766079252063,1.0,0.0
2014-02-25,25090,-31728,181176,100.0,13.848412593279463,23598.0,0.13024903960789508,1.0,0.0
2014-03-04,23343,-33366,169357,94.26762042262764,13.783309812998576,23696.0,0.139917452482035,1.0,0.0
2014-03-11,20991,-32584,172767,86.55007218795117,12.149889735887061,13316.0,0.07707490435094665,1.0,0.0
2014-03-18,18239,-32746,181834,77.52001575009844,10.03057733977144,-265.0,-0.0014573732085308578,1.0,0.0
2014-03-25,9580,-26767,186200,49.10749442184014,5.14500537056928,-15510.0,-0.08329752953813105,0.0,0.0
2014-04-01,5582,-25121,187349,35.988974931093324,2.979466130056739,-17761.0,-0.09480168028652408,0.0,0.0
2014-04-08,5429,-26233,196287,35.486940543378395,2.7658479675169523,-15562.0,-0.07928186787713909,0.0,0.0
2014-04-15,1645,-24409,204290,23.070612941330886,0.805227862352538,-16594.0,-0.08122766655244995,0.0,1.0
2014-04-22,2620,-23857,197874,26.26985168657304,1.3240749163609167,-6960.0,-0.03517389854149611,0.0,0.0
2014-04-29,1862,-24668,186148,23.78264864155401,1.0002793476158756,-3720.0,-0.019984098674173237,0.0,1.0
2014-05-06,988,-22576,188890,20.91481821761386,0.5230557467309016,-4441.0,-0.023511038170363704,0.0,1.0
2014-05-13,1696,-21466,190136,23.237957737235856,0.8919930996760214,51.0,0.0002682290570959734,0.0,1.0
2014-05-20,-1948,-20194,190361,11.28100800630004,-1.023318852075793,-4568.0,-0.02399651189056582,0.0,1.0
2014-05-27,-6997,-18963,195586,0.0,-3.577454419027947,-8859.0,-0.04529465299152291,0.0,1.0
2014-06-03,-10602,-18418,203560,0.0,-5.208292395362546,-11590.0,-0.05693652977009236,0.0,1.0
2014-06-10,-6123,-19637,202778,12.549030595091338,-3.019558334730592,-7819.0,-0.03855940979790707,0.0,1.0
2014-06-17,5134,-20128,207691,44.08831110613022,2.4719414900019743,7082.0,0.03409873321424616,0.0,0.0
2014-06-24,24757,-27168,209495,99.06701781911913,11.817465810639872,31754.0,0.1515740232463782,1.0,0.0
2014-07-01,36697,-28503,202625,100.0,18.110795805058604,47299.0,0.23343121529919802,1.0,0.0
2014-07-08,44517,-31502,208924,100.0,21.307748272098944,50640.0,0.242384790641573,1.0,0.0
2014-07-15,46795,-33906,209481,100.0,22.338541442899356,41661.0,0.198877225142137,1.0,0.0
2014-07-22,46221,-33586,210580,98.99994773245989,21.9493779086333,21464.0,0.10192800835786875,1.0,0.0
2014-07-29,41699,-32309,202658,91.12148718574142,20.576044370318467,5002.0,0.024681976531891168,1.0,0.0
2014-08-05,29065,-30196,202761,69.10988379183581,14.334610699296215,-15452.0,-0.07620794926045936,0.0,0.0
2014-08-12,23506,-27657,204366,59.42470860846386,11.501913234099606,-23289.0,-0.11395731188162414,0.0,0.0
2014-08-19,16523,-25004,212249,47.25856752095057,7.784724545227539,-29698.0,-0.13992056499677266,0.0,0.0
2014-08-26,13718,-24256,204530,42.37155252016656,6.707084535276,-27981.0,-0.13680633647875617,0.0,0.0
2014-09-02,6264,-22654,203678,29.384811052842487,3.075442610394839,-22801.0,-0.11194630740678915,0.0,0.0
2014-09-09,2237,-22512,207596,22.368764918027075,1.077573749012505,-21269.0,-0.10245380450490375,0.0,1.0
2014-09-16,-4557,-18411,216889,10.531909333240414,-2.101074743301873,-21080.0,-0.09719257315954244,0.0,1.0
2014-09-23,-4894,-17682,226200,9.94477063261146,-2.163572060123784,-18612.0,-0.08228116710875331,0.0,1.0
2014-09-30,-6073,-17779,234230,7.890656306078715,-2.592750715109081,-12337.0,-0.05267045211971139,0.0,1.0
2014-10-07,-7071,-16130,234169,6.151889471575169,-3.019614039433059,-9308.0,-0.03974907011602731,0.0,1.0
2014-10-14,-9089,-15516,231831,2.6360262731501645,-3.9205283158852784,-4532.0,-0.01954872299217965,0.0,1.0
2014-10-21,-8637,-15888,231717,3.423523877554576,-3.7273916026877614,-3743.0,-0.016153324961051627,0.0,1.0
2014-10-28,-10321,-16403,231831,0.48957262574699023,-4.451949911789192,-4248.0,-0.018323692689933616,0.0,1.0
2014-11-04,-6163,-17756,246984,7.733853685732704,-2.495303339487578,908.0,0.003676351504550902,0.0,1.0
2014-11-11,-1983,-18497,249767,15.016464275136332,-0.7939399520352969,7106.0,0.028450515880800907,0.0,1.0
2014-11-18,745,-17655,252081,19.769325922957645,0.295539925658816,9382.0,0.0372181957386713,0.0,1.0
2014-11-25,8826,-23048,204624,33.848458978692264,4.313277034951912,19147.0,0.09357162405191961,0.0,0.0
2014-12-02,14428,-23284,198388,43.60855096956287,7.2726172954009325,20591.0,0.10379155997338549,0.0,0.0
2014-12-09,19950,-25913,197326,53.22926285345923,10.110173013186301,21933.0,0.1111510900742933,0.0,0.0
2014-12-16,14985,-24922,202850,44.57898496437096,7.387231944786789,14240.0,0.07019965491742668,0.0,0.0
2014-12-23,14912,-26032,194998,44.45180061675698,7.647257920594057,6086.0,0.031210576518733525,0.0,0.0
2014-12-30,17051,-26776,194574,48.17847622698051,8.763246888073432,2623.0,0.013480732266387081,0.0,0.0
2015-01-06,19620,-26839,198317,52.65431991219053,9.893251713166293,-330.0,-0.0016640025817252176,0.0,0.0
2015-01-13,25567,-29751,204159,63.015488614387515,12.523082499424468,10582.0,0.051832150431771314,0.0,0.0
2015-01-20,33624,-32852,213115,77.05280763802986,15.77739717992633,18712.0,0.0878023602280459,1.0,0.0
2015-01-27,40164,-34751,211261,88.44713138317334,19.011554427935113,23113.0,0.10940495406156366,1.0,0.0
2015-02-03,37774,-31977,217635,84.28315068731816,17.356583270154157,18154.0,0.08341489190617318,1.0,0.0
2015-02-10,36986,-30877,216549,82.91025663362197,17.079737149559683,11419.0,0.05273171430022766,1.0,0.0
2015-02-17,31529,-28478,226319,73.40279108664217,13.931220975702438,-2095.0,-0.009256845426146281,0.0,0.0
2015-02-24,29281,-24424,207996,69.48621008066624,14.077674570664819,-10883.0,-0.05232312159849228,0.0,0.0
2015-03-03,20620,-24535,205293,54.39657124936843,10.04418075628492,-17154.0,-0.08355862109277959,0.0,0.0
2015-03-10,15572,-20370,213018,45.60168649929439,7.310180360345135,-21414.0,-0.10052671605216461,0.0,0.0
2015-03-17,11639,-18057,224088,38.749411990173705,5.19394166577416,-19890.0,-0.0887597729463425,0.0,0.0
2015-03-24,19248,-21495,215908,52.00620241476035,8.91490820164144,-10033.0,-0.04646886636900902,0.0,0.0
2015-03-31,29865,-27525,210090,70.50368486157814,14.215336284449522,9245.0,0.04400495025941263,0.0,0.0
2015-04-07,28932,-28122,209918,68.87816436399115,13.782524604845703,13360.0,0.06364389904629426,0.0,0.0
2015-04-14,20527,-26133,220588,54.23454187501089,9.305583259288811,8888.0,0.04029230964513029,0.0,0.0
2015-04-21,9061,-22827,226327,34.257888042929075,4.003499361543254,-10187.0,-0.04501009601152315,0.0,0.0
2015-04-28,5530,-20970,216310,28.1059985713539,2.5565161111367947,-24335.0,-0.112500577874347,0.0,0.0
2015-05-05,11162,-23017,214135,37.918358102339845,5.212599528334929,-17770.0,-0.08298503280640718,0.0,0.0
2015-05-12,13530,-22990,214091,42.04400926877712,6.319742539387457,-6997.0,-0.03268236404145901,0.0,0.0
2015-05-19,41032,-34157,215725,89.95940554384376,19.020512226213928,31971.0,0.148202572719898,1.0,0.0
2015-05-26,41555,-34603,211741,90.8706029931878,19.625391397981495,36025.0,0.17013710145885774,1.0,0.0
2015-06-02,36500,-32551,218424,81.97527838083899,16.71061788081896,25338.0,0.11600373585320295,1.0,0.0
2015-06-09,10394,-24133,233460,36.268296099166605,4.452154544675747,-3136.0,-0.013432707958536794,0.0,0.0
2015-06-16,2255,-20697,235652,22.018348623853214,0.9569195254018636,-38777.0,-0.16455196645901585,0.0,1.0
2015-06-23,-5094,-23266,244705,9.151551229077667,-2.081690198402158,-46649.0,-0.1906336200731493,0.0,1.0
2015-06-30,-9138,-18722,225812,2.071223475033266,-4.046729137512621,-45638.0,-0.2021061768196553,0.0,1.0
2015-07-07,-10329,-14797,232152,0.0,-4.449240153003204,-20723.0,-0.08926479203280609,0.0,1.0
2015-07-14,-7035,-16665,220486,5.824933687002652,-3.1906787732554447,-9290.0,-0.042134194461326345,0.0,1.0
2015-07-21,-11515,-16311,228979,0.0,-5.028845439974845,-6421.0,-0.0280418728355002,0.0,1.0
2015-07-28,-10447,-16123,226324,2.0124364047484455,-4.615948816740602,-1309.0,-0.0057837436595323515,0.0,1.0
2015-08-04,-8326,-16503,223435,6.00904465799887,-3.7263633718978673,2003.0,0.008964575827421845,0.0,1.0
2015-08-11,1477,-20492,214347,24.48087431693989,0.6890695927631364,8512.0,0.03971130923222625,0.0,1.0
2015-08-18,2245,-21786,211505,25.928019596759,1.0614406278811375,13760.0,0.06505756365097752,0.0,0.0
2015-08-25,2946,-23829,206797,27.248916525343887,1.424585463038632,13393.0,0.06476399560922064,0.0,0.0
2015-09-01,3830,-21545,189477,28.91464104013567,2.0213535152023727,12156.0,0.06415554394464763,0.0,0.0
2015-09-08,7474,-20174,188264,35.78104390427737,3.969957081545064,5997.0,0.0318542047337781,0.0,0.0
2015-09-15,2371,-19588,192211,26.165441869229323,1.2335402240246396,126.0,0.0006555296002830223,0.0,0.0
2015-09-22,14515,-26113,184440,49.04842660636894,7.869767946215571,11569.0,0.06272500542181739,0.0,0.0
2015-09-29,9076,-25477,187479,38.79969851140004,4.841075533793118,5246.0,0.02798180062833704,0.0,0.0
2015-10-06,25293,-33815,189055,69.35745242133032,13.378646425643332,17819.0,0.09425299516013859,0.0,0.0
2015-10-13,39170,-37427,193964,95.50593555681176,20.19446907673589,36799.0,0.1897207729269349,1.0,0.0
2015-10-20,44890,-39603,199965,100.0,22.448928562498438,30375.0,0.15190158277698598,1.0,0.0
2015-10-27,51585,-41951,198192,100.0,26.027791232744008,42509.0,0.21448393477032374,1.0,0.0
2015-11-03,48099,-42308,195630,94.47543581616482,24.5867198282472,22806.0,0.1165772120840362,1.0,0.0
2015-11-10,25934,-33675,194564,59.3486529318542,13.329290105055405,-13236.0,-0.06802902900844966,0.0,0.0
2015-11-17,12174,-26167,205127,37.54199683042789,5.9348598673017205,-32716.0,-0.15949143701219246,0.0,0.0
2015-11-24,8862,-23314,185795,32.29318541996831,4.769773137059662,-42723.0,-0.2299469845797788,0.0,0.0
2015-12-01,10447,-23528,179448,34.80507131537243,5.82174223173287,-37652.0,-0.20982122954839286,0.0,0.0
2015-12-08,7941,-23672,179726,30.833597464342315,4.418392441828116,-17993.0,-0.10011350611486373,0.0,0.0
2015-12-15,1635,-18475,184398,20.839936608557842,0.8866690528096833,-10539.0,-0.05715354830312693,0.0,1.0
2015-12-22,9339,-22889,177460,33.04912836767036,5.2625943874675984,477.0,0.002687929674292798,0.0,0.0
2015-12-29,6282,-22713,179819,28.204437400950873,3.493512921326445,-4165.0,-0.023162179747412675,0.0,0.0
2016-01-05,6918,-21498,182490,29.212361331220286,3.7908926516521455,-1023.0,-0.005605786618444846,0.0,0.0
2016-01-12,7872,-22511,183072,30.724247226624406,4.299947561615102,6237.0,0.034068563188253805,0.0,0.0
2016-01-19,15578,-24414,176946,42.93660855784469,8.803815853424208,6239.0,0.03525934465882247,0.0,0.0
2016-01-26,24172,-28322,170134,56.55625990491284,14.207624578273595,17890.0,0.10515240927739311,0.0,0.0
2016-02-02,24130,-30045,174157,56.48969889064976,13.855314457644537,17212.0,0.098830365704508,0.0,0.0
2016-02-09,36642,-38311,187348,76.31854199683042,19.55825522556953,28770.0,0.15356448961291286,1.0,0.0
2016-02-16,44815,-43941,190411,89.27099841521394,23.535930172101402,29237.0,0.15354680139277668,1.0,0.0
2016-02-23,47637,-45998,198104,93.74326465927099,24.046460445018777,23465.0,0.11844788595889028,1.0,0.0
2016-03-01,45241,-42183,179620,89.94611727416799,25.187061574434917,21111.0,0.11753145529451063,1.0,0.0
2016-03-08,47539,-44735,190949,93.58795562599049,24.89617646596735,10897.0,0.057067593964880675,1.0,0.0
2016-03-15,49145,-45065,186097,96.13312202852615,26.408270955469458,4330.0,0.02326743579960988,1.0,0.0
2016-03-22,52409,-49459,199143,100.0,26.317269499806674,4772.0,0.02396268008416063,1.0,0.0
2016-03-29,42915,-44136,194255,85.14798823603029,22.092095441558776,-2326.0,-0.011973951764433348,1.0,0.0
2016-04-05,42240,-39104,198756,84.09204680558163,21.252188613173942,-5299.0,-0.02666083036486949,1.0,0.0
2016-04-12,54885,-48990,210170,100.0,26.11457391635343,5740.0,0.02731122424703811,1.0,0.0
2016-04-19,66313,-55283,226176,100.0,29.31920274476514,13904.0,0.061474250141482736,1.0,0.0
2016-04-26,70220,-56725,234280,100.0,29.97268226054294,27305.0,0.11654857435547208,1.0,0.0
2016-05-03,66992,-53583,230244,96.05065149568728,29.096089366063826,24752.0,0.10750334427824396,1.0,0.0
2016-05-10,71656,-53809,237078,100.0,30.224651802360402,16771.0,0.07074043141919537,1.0,0.0
2016-05-17,66982,-52962,240123,94.38025273232256,27.89487054551209,669.0,0.00278607213802926,1.0,0.0
2016-05-24,58874,-44925,233995,84.63166247850813,25.160366674501596,-11346.0,-0.04848821556016154,1.0,0.0
2016-05-31,53671,-44395,221264,78.37587620685095,24.256544218670907,-13321.0,-0.06020410007954299,1.0,0.0
2016-06-07,48896,-42537,216070,72.63469238075771,22.629703336881565,-22760.0,-0.10533623362799092,0.0,0.0
2016-06-14,60935,-47286,227489,87.10968967548786,26.78591052754199,-6047.0,-0.026581505039804124,1.0,0.0
2016-06-21,75155,-51664,233666,100.0,32.16342985286691,16281.0,0.06967637568152833,1.0,0.0
2016-06-28,78057,-54566,232748,100.0,33.53713028683383,24386.0,0.1047742622922646,1.0,0.0
2016-07-05,80522,-53755,242878,100.0,33.153270366192075,31626.0,0.1302135228386268,1.0,0.0
2016-07-12,85343,-53213,248166,100.0,34.389481234335086,24408.0,0.09835352143323421,1.0,0.0
2016-07-19,91383,-57449,252086,100.0,36.25072395928374,16228.0,0.0643748561998683,1.0,0.0
2016-07-26,96581,-58609,245633,100.0,39.31922827958784,18524.0,0.07541331987151563,1.0,0.0
2016-08-02,92541,-60714,259649,95.75201884253029,35.640807397679175,12019.0,0.04628941378553355,1.0,0.0
2016-08-09,89132,-57998,241689,92.15448781412593,36.87879878687073,3789.0,0.015677171902734505,1.0,0.0
2016-08-16,84102,-57182,237176,86.85673962041581,35.459742975680506,-7281.0,-0.03069872162444767,1.0,0.0
2016-08-23,78992,-57129,236831,81.4747330061298,33.353741697666266,-17589.0,-0.07426814901765394,1.0,0.0
2016-08-30,74158,-56113,213927,76.38341794283066,34.66509603743333,-18383.0,-0.08593118213222267,1.0,0.0
2016-09-06,82210,-58892,226878,84.86402797379563,36.235333527270164,-6922.0,-0.0305097894022338,1.0,0.0
2016-09-13,73181,-59059,220570,75.35441198154741,33.178129392029746,-10921.0,-0.049512626377113844,1.0,0.0
2016-09-20,73473,-59088,220278,75.66195521664947,33.35467000789911,-5519.0,-0.025054703601812254,1.0,0.0
2016-09-27,77894,-63394,224215,80.31828618372549,34.74076221483844,3736.0,0.01666257832883616,1.0,0.0
2016-10-04,66419,-54897,222837,68.23246898236891,29.80609144800908,-15791.0,-0.0708634562482891,0.0,0.0
2016-10-11,47692,-50363,213588,48.50862595580646,22.32896979231043,-25489.0,-0.11933722868325936,0.0,0.0
2016-10-18,43172,-49156,215459,43.74802519326775,20.037222859105444,-30301.0,-0.14063464510649357,0.0,0.0
2016-10-25,40679,-47834,222653,41.12232216207107,18.270133346507794,-37215.0,-0.16714349234009873,0.0,0.0
2016-11-01,49060,-50026,220888,49.949444947654456,22.210350947086308,-17359.0,-0.0785873383796313,0.0,0.0
2016-11-08,57514,-53943,212306,58.853453542013355,27.09014347215811,9822.0,0.04626341224459036,0.0,0.0
2016-11-15,48607,-49977,199357,49.472331641143384,24.381887769177908,5435.0,0.027262649417878478,0.0,0.0
2016-11-22,42846,-50962,185304,43.40467212942094,23.122004921642276,2167.0,0.011694296939083883,0.0,0.0
2016-11-29,42841,-48903,172916,43.39940597813494,24.775613592727105,-6219.0,-0.03596543986675611,0.0,0.0
2016-12-06,40625,-48605,176146,41.065447728182335,23.06325434582676,-16889.0,-0.09588068988225676,0.0,0.0
2016-12-13,45980,-52617,180788,43.96283458288575,25.433103967077457,-2627.0,-0.014530831692368962,0.0,0.0
2016-12-20,43359,-48613,180884,41.06025537381367,23.97061099931448,513.0,0.0028360717365825613,0.0,0.0
2016-12-27,39098,-48551,179624,35.88994345493682,21.7665790762927,-3743.0,-0.020837972653988332,0.0,0.0
2017-01-03,41999,-49480,180740,38.47073014012107,23.237246873962597,1374.0,0.0076020803363948215,0.0,0.0
2017-01-10,46169,-49057,182082,37.76526795303878,25.356158214430863,189.0,0.0010379938708933339,0.0,0.0
2017-01-17,50752,-51396,189926,36.7448344398283,26.721986457883595,7393.0,0.03892568684645599,0.0,0.0
2017-01-24,55109,-53746,195310,42.758554057224885,28.216169166965337,16011.0,0.08197736931032718,0.0,0.0
2017-01-31,62964,-59108,203688,43.914646557333285,30.911983032873806,20965.0,0.10292702564706807,0.0,0.0
2017-02-07,64392,-59802,212440,44.00257467425151,30.310675955563926,18223.0,0.08577951421577858,0.0,0.0
2017-02-14,70746,-61647,214400,55.056277508132844,32.997201492537314,19994.0,0.09325559701492538,0.0,0.0
2017-02-21,75475,-63266,228042,63.28305759963815,33.09697336455565,20366.0,0.08930810990957806,0.0,0.0
2017-02-28,83854,-64994,214558,77.85954108171111,39.08220620997586,20890.0,0.09736295081050346,1.0,0.0
2017-03-07,83366,-64883,209717,77.01059443661605,39.7516653394813,18974.0,0.09047430585026488,1.0,0.0
2017-03-14,67836,-60697,207399,49.99391124332411,32.70796869801686,-2910.0,-0.014030925896460445,0.0,0.0
2017-03-21,65072,-61018,211364,45.185533114138096,30.786699721806933,-10403.0,-0.0492184099468216,0.0,0.0
2017-03-28,81601,-65975,219093,73.94012142720456,37.24491426015437,-2253.0,-0.010283304350207446,0.0,0.0
2017-04-04,93683,-71468,236784,94.95850947236573,39.564750996688964,10317.0,0.04357135617271437,1.0,0.0
2017-04-11,98845,-73165,240137,100.0,41.16192007062635,31009.0,0.12913045469877613,1.0,0.0
2017-04-18,96545,-75251,247423,96.15043433143087,39.020220432215275,31473.0,0.12720321069585286,1.0,0.0
2017-04-25,80201,-69571,229629,68.79508594573787,34.926337701248535,-1400.0,-0.006096790910555722,0.0,0.0
2017-05-02,54599,-56365,206378,25.944398881952228,26.45582377966644,-39084.0,-0.18938065103838586,0.0,0.0
2017-05-09,33542,-47577,216680,0.0,15.479970463356102,-65303.0,-0.3013799150821488,0.0,1.0
2017-05-16,18298,-43046,235305,0.0,7.7762903465714714,-78247.0,-0.3325343702853743,0.0,1.0
2017-05-23,29686,-47127,227086,14.138329174270922,13.072580432083,-50515.0,-0.22244876390442386,0.0,1.0
2017-05-30,42034,-52664,224617,29.46850906923908,18.71363253894407,-12565.0,-0.05593966618733221,0.0,0.0
2017-06-06,49818,-56709,229983,39.13243199622581,21.661601074862055,16276.0,0.07077044825052287,0.0,0.0
2017-06-13,44172,-54478,221413,32.12285994512521,19.95004810015672,25874.0,0.11685854037477474,0.0,0.0
2017-06-20,26780,-47175,221734,10.530497721827007,12.077534342951465,-2906.0,-0.013105793428161672,0.0,1.0
2017-06-27,12427,-41944,221162,0.0,5.618958048851068,-29607.0,-0.13387019469890848,0.0,1.0
2017-07-03,1854,-38994,222201,0.0,0.8343796832597512,-47964.0,-0.21585861449768454,0.0,1.0
2017-07-11,-5402,-33571,231044,0.0,-2.338082789425391,-49574.0,-0.2145651910458614,0.0,1.0
2017-07-18,-6455,-33299,233563,0.0,-2.7637082928374785,-33235.0,-0.14229565470558264,0.0,1.0
2017-07-25,8888,-37269,231420,14.570750237416904,3.8406360729409736,-3539.0,-0.015292541699075275,0.0,1.0
2017-08-01,22881,-40564,228711,27.859449192782527,10.004328606844446,21027.0,0.09193698597793722,0.0,0.0
2017-08-08,27371,-41349,216874,32.123456790123456,12.620692199157112,32773.0,0.15111539419201933,0.0,0.0
2017-08-15,36529,-47137,212354,40.820512820512825,17.20193638923684,42984.0,0.20241671925181537,0.0,0.0
2017-08-22,43678,-51221,212586,47.609686609686605,20.54603783880406,34790.0,0.16365141636796401,0.0,0.0
2017-08-29,52428,-57268,203513,55.91927825261158,25.76149926540319,29547.0,0.14518482848761505,0.0,0.0
2017-09-05,61531,-63378,208863,64.56410256410257,29.45998094444684,34160.0,0.16355218492504656,0.0,0.0
2017-09-12,75147,-66250,213333,77.49477682811016,35.22521128939264,38618.0,0.18102215784712164,1.0,0.0
2017-09-19,67341,-63282,216503,70.08167141500475,31.103956989048655,23663.0,0.1092964069781943,0.0,0.0
2017-09-26,58537,-59631,204363,61.72079772079771,28.64363901489017,6109.0,0.029892886677138228,0.0,0.0
2017-10-03,56304,-56487,201415,59.60018993352326,27.95422386614701,-5227.0,-0.025951393888240696,0.0,0.0
2017-10-10,56427,-56680,208832,59.71699905033239,27.020284247624886,-18720.0,-0.08964143426294821,0.0,0.0
2017-10-17,63507,-59758,211894,66.44064577397911,29.97111763428884,-3834.0,-0.018093952636695707,0.0,0.0
2017-10-24,64855,-62397,213656,67.72079772079772,30.35486950986633,6318.0,0.02957089901523945,0.0,0.0
2017-10-31,57786,-57983,216413,61.00759734093067,26.701723094268832,1482.0,0.0068480174481200294,0.0,0.0
2017-11-07,65461,-61404,221197,68.2962962962963,29.59398183519668,9034.0,0.04084142189993535,0.0,0.0
2017-11-14,68016,-62563,218312,70.7226970560304,31.155410605005677,4509.0,0.02065392649052732,0.0,0.0
2017-11-21,64420,-62752,217094,67.3076923076923,29.673781864077313,-435.0,-0.002003740315255143,0.0,0.0
2017-11-28,56505,-57302,196994,59.79107312440646,28.683614729382622,-1281.0,-0.0065027361239428615,0.0,0.0
2017-12-05,22055,-42809,208139,27.07502374169041,10.59628421391474,-43406.0,-0.20854332921749408,0.0,0.0
2017-12-12,-5425,-34353,221480,0.9781576448243114,-2.4494310998735775,-73441.0,-0.3315920173379086,0.0,1.0
2017-12-19,-13976,-34159,222746,0.0,-6.274411212771498,-78396.0,-0.35195244807987575,0.0,1.0
2017-12-26,-7105,-33852,216083,6.09017824695757,-3.2880883734490913,-63610.0,-0.2943776234132255,0.0,1.0
2018-01-02,16006,-41699,210638,26.574839790464544,7.598818826612481,-6049.0,-0.028717515358102526,0.0,0.0
2018-01-09,38061,-45809,214266,46.12350537577224,17.763434235949706,43486.0,0.20295333837379706,0.0,0.0
2018-01-16,33015,-46102,217193,41.65093378005867,15.200766138871879,46991.0,0.21635595990662682,0.0,0.0
2018-01-23,23621,-43063,220555,33.32446973524433,10.709800276575004,30726.0,0.13931218970324863,0.0,0.0
2018-01-30,26318,-48018,217923,35.71498213984985,12.076742702697741,10312.0,0.04731946604993507,0.0,0.0
2018-02-06,3482,-38515,226421,15.474069543790606,1.537843221255979,-34579.0,-0.1527199332217418,0.0,1.0
2018-02-13,-7936,-38347,215820,5.353613245760984,-3.6771383560374384,-40951.0,-0.18974608470021315,0.0,1.0
2018-02-20,-10432,-38934,225595,3.1412591627445243,-4.6242159622332055,-34053.0,-0.15094749440368802,0.0,1.0
2018-02-27,-16593,-36490,209999,0.0,-7.901466197458083,-42911.0,-0.20433906828127754,0.0,1.0
2018-03-06,-10832,-37288,215736,4.990557701969889,-5.020951533355582,-14314.0,-0.06634961248933882,0.0,1.0
2018-03-13,-16188,-35213,218835,0.3508376791004695,-7.397354170950717,-8252.0,-0.0377087760184614,0.0,1.0
2018-03-20,-35172,-25086,235781,0.0,-14.917232516614995,-24740.0,-0.10492787798847235,0.0,1.0
2018-03-27,-33853,-27249,236447,0.9842034965713305,-14.317373449441101,-17260.0,-0.07299733132583623,0.0,1.0
2018-04-03,-39604,-24707,250575,0.0,-15.80524792976155,-28772.0,-0.11482390501845754,0.0,1.0
2018-04-10,-36417,-21310,248694,2.3408177805198713,-14.643296581340925,-20229.0,-0.08134092499215904,0.0,1.0
2018-04-17,-14462,-25879,237903,20.985768540545052,-6.07894814273044,20710.0,0.0870522860157291,0.0,1.0
2018-04-24,4697,-32209,225058,38.60619951024392,2.0870175688044856,38550.0,0.17128917878946762,0.0,0.0
2018-05-01,-23329,-25617,215894,14.182882937839322,-10.805765792472231,16275.0,0.07538421632838338,0.0,1.0
2018-05-08,-19406,-28055,216701,17.60158952863156,-8.95519633042764,17011.0,0.07849986848237894,0.0,1.0
2018-05-15,-16052,-30933,220221,20.52443987416232,-7.289041462894093,-1590.0,-0.007220019889111392,0.0,1.0
2018-05-22,-432,-37379,219753,34.13652168608552,-0.19658434697137242,-5129.0,-0.023339840639263174,0.0,0.0
2018-05-29,864,-40818,228386,35.26592360850886,0.3783069014738206,24193.0,0.10593031096477017,0.0,0.0
2018-06-05,4295,-42650,233889,38.25587576578853,1.836341170384242,23701.0,0.10133439366537118,0.0,0.0
2018-06-12,40177,-53833,255771,69.52532004078395,15.708192093708826,56229.0,0.2198411860609686,0.0,0.0
2018-06-19,28064,-46529,245032,58.9694207457887,11.453197949655555,28496.0,0.11629501452871462,0.0,0.0
2018-06-26,22166,-42531,238557,53.82959625624177,9.291699677645175,21302.0,0.08929522084868606,0.0,0.0
2018-07-03,10651,-38871,229938,43.79482531742643,4.632118223173203,6356.0,0.027642233993511293,0.0,0.0
2018-07-10,8256,-38511,232753,41.707697536404915,3.5471078783087653,-31921.0,-0.13714538588117017,0.0,0.0
2018-07-17,-7869,-36045,240689,27.655532413660882,-3.269364200275044,-35933.0,-0.14929224019377704,0.0,0.0
2018-07-24,-11343,-33389,245971,24.62810781605389,-4.611519244138536,-33509.0,-0.13623150696626837,0.0,1.0
2018-07-31,-6678,-34689,253061,28.69343186551751,-2.6388894377245014,-17329.0,-0.06847756074622324,0.0,0.0
2018-08-07,-12525,-33228,263610,23.598051433102977,-4.751337202685786,-20781.0,-0.07883236599522021,0.0,1.0
2018-08-14,-20187,-28689,271488,16.920985438035398,-7.435687765205092,-12318.0,-0.045372171145685994,0.0,1.0
2018-08-21,-25373,-24199,280745,12.401634844140792,-9.037738873354824,-14030.0,-0.04997417585353257,0.0,1.0
2018-08-28,-34529,-20907,255709,4.4226194107240895,-13.503240011106374,-27851.0,-0.10891677649202805,0.0,1.0
2018-09-04,-47480,-12803,248296,0.0,-19.12233785481844,-34955.0,-0.14077955343622128,0.0,1.0
2018-09-11,-46281,-11916,246406,1.0381311906905868,-18.782416012597096,-26094.0,-0.10589839533128252,0.0,1.0
2018-09-18,-45057,-12600,243400,2.0979081526632957,-18.51150369761709,-19684.0,-0.0808709942481512,0.0,1.0
2018-09-25,-42409,-17138,235267,4.390628246865693,-18.025902485261426,-7880.0,-0.033493860167384294,0.0,1.0
2018-10-02,-36317,-21975,234028,9.66526979289326,-15.518228588032201,11163.0,0.04769942058215256,0.0,1.0
2018-10-09,-40265,-21834,235417,6.246969592020503,-17.103692596541457,6016.0,0.025554654081905725,0.0,1.0
2018-10-16,-33154,-27101,235905,12.403892775507378,-14.053962400118692,11903.0,0.050456751658506604,0.0,1.0
2018-10-23,-21209,-32540,236140,22.74624229410542,-8.981536376725671,21200.0,0.08977725078343356,0.0,1.0
2018-10-30,-24577,-32000,242956,19.830123986977906,-10.115823441281549,11740.0,0.04832150677488928,0.0,1.0
2018-11-06,-20334,-35405,247676,23.503844288979707,-8.209919410843199,19931.0,0.08047206834735703,0.0,1.0
2018-11-13,-38846,-24510,262305,7.7158176943699734,-14.809477516631404,-5692.0,-0.021699929471416864,0.0,1.0
2018-11-20,-32512,-19880,266168,14.394383805356542,-12.21484175408013,-11303.0,-0.0424656607856692,0.0,1.0
2018-11-27,-31849,-21642,233955,17.832004289446367,-13.613301703319014,-7272.0,-0.031082900557799577,0.0,1.0
2018-12-04,-22177,-24364,214813,28.86592057679364,-10.323863080912234,-1843.0,-0.00857955524107014,0.0,0.0
2018-12-11,-8968,-28585,209886,43.93488255358956,-4.272795708146327,29878.0,0.14235346807314447,0.0,0.0
2018-12-18,1912,-31212,209312,56.34689756665183,0.9134688885491515,34424.0,0.1644626203944351,0.0,0.0
2018-12-24,8576,-32459,212016,63.94925676215249,4.044977737529242,40425.0,0.19066957210776544,0.0,0.0
2018-12-31,30341,-40030,214575,88.77899083929407,14.140044273564023,52518.0,0.2447535826634044,1.0,0.0
2019-01-08,42808,-44828,227999,100.0,18.775520945267303,51776.0,0.2270887153013829,1.0,0.0
2019-01-15,39349,-46004,233109,96.16892610313663,16.880086139960277,37437.0,0.1605986898832735,1.0,0.0
2019-01-22,35561,-42787,227247,91.97346269714691,15.648611422813063,26985.0,0.11874744221045823,1.0,0.0
2019-01-29,40649,-46079,233416,97.60876306928938,17.41483017445248,10308.0,0.044161497069609625,1.0,0.0
2019-02-05,48706,-48180,247628,100.0,19.669019658520035,5898.0,0.023817985042079246,1.0,0.0
2019-02-12,43070,-47897,256779,94.1405194103092,16.77317849201064,3721.0,0.014491060406030088,1.0,0.0
2019-02-19,39384,-46343,263313,90.30836088412035,14.957104282735756,3823.0,0.014518842594174993,1.0,0.0
2019-02-26,48313,-48002,235837,99.59141663027884,20.48575923201194,7664.0,0.03249702124772618,1.0,0.0
2019-03-05,18141,-40900,221471,68.22302622003203,8.191140149274624,-30565.0,-0.13800903955822658,0.0,0.0
2019-03-12,9633,-35936,221854,59.37766410912191,4.342044768180876,-33437.0,-0.15071623680438487,0.0,0.0
2019-03-19,9994,-33392,221570,59.752978603954844,4.510538430292909,-29390.0,-0.1326443110529404,0.0,0.0
2019-03-26,12261,-34719,220696,62.10987045931841,5.555605901330337,-36052.0,-0.16335592851705513,0.0,0.0
2019-04-02,-1779,-29951,229934,47.51315160210426,-0.7737002792105561,-19920.0,-0.08663355571598806,0.0,0.0
2019-04-09,-2473,-32487,240219,46.79163287796561,-1.0294772686590155,-12106.0,-0.05039568060811177,0.0,0.0
2019-04-16,-10838,-27525,257624,38.094941051712304,-4.206906188864392,-20832.0,-0.08086203148774959,0.0,0.0
2019-04-23,-17870,-26486,253990,30.784105795022143,-7.035710067325485,-30131.0,-0.11863065475018701,0.0,0.0
2019-04-30,-14254,-24348,223856,34.54348865739297,-6.367486241155028,-12475.0,-0.055727789293117,0.0,0.0
2019-05-07,-14893,-18766,227685,33.87915081196848,-6.541054527087862,-12420.0,-0.05454904802687924,0.0,0.0
2019-05-14,-14946,-20509,232018,33.82404923793484,-6.4417415890146446,-4108.0,-0.01770552284736529,0.0,0.0
2019-05-21,-30860,-18021,243322,17.279021895078287,-12.682782485759612,-12990.0,-0.05338604811730957,0.0,1.0
2019-05-28,-39042,-17084,244631,8.772586447092094,-15.95954723645,-24788.0,-0.10132812276449019,0.0,1.0
2019-06-04,-19931,-24854,246942,28.641382321751607,-8.071126013395858,-5038.0,-0.020401551781389964,0.0,0.0
2019-06-11,-8545,-29311,259262,40.47886386792256,-3.295893729123435,6401.0,0.02468931042728977,0.0,0.0
2019-06-18,4748,-31538,275681,54.29896242696442,1.7222804618381389,35608.0,0.12916377987601613,0.0,0.0
2019-06-25,23472,-40681,261136,73.76541284594431,8.98841982721647,62514.0,0.23939250045953067,0.0,0.0
2019-07-02,21762,-39858,254300,71.98760734410413,8.557609123082973,41693.0,0.16395202516712545,0.0,0.0
2019-07-09,15467,-34852,251401,65.44299586218368,6.152322385352485,24012.0,0.09551274656823162,0.0,0.0
2019-07-16,28096,-46915,269406,78.57276526729461,10.428869438691047,23348.0,0.08666473649436167,1.0,0.0
2019-07-23,54161,-59975,293748,100.0,18.437912768767788,30689.0,0.10447390280104035,1.0,0.0
2019-07-30,65327,-63833,288014,100.0,22.681883519551132,43565.0,0.1512600081940461,1.0,0.0
2019-08-06,49538,-60757,290170,86.00352814984886,17.072061205500226,34071.0,0.11741737602095323,1.0,0.0
2019-08-13,37766,-56305,297079,75.56800553157163,12.712443491461867,9670.0,0.03255026440778379,1.0,0.0
2019-08-20,47967,-58035,303226,84.61088407634278,15.818894158152666,-6194.0,-0.020427008238079847,1.0,0.0
2019-08-27,58093,-63666,302403,93.58727738526864,19.210457568211954,-7234.0,-0.023921720353303373,1.0,0.0
2019-09-03,63466,-69119,300392,98.33255680596373,21.127726437455056,13928.0,0.04636608165330634,1.0,0.0
2019-09-10,61561,-70490,286829,96.58827366284969,21.462613612988925,23795.0,0.08295883610095213,1.0,0.0
2019-09-17,54516,-66669,283105,89.96528551273484,19.25645961745642,6549.0,0.023132759930061284,1.0,0.0
2019-09-24,50634,-67583,289276,86.08512008485492,17.503698889641726,-7459.0,-0.02578506339965984,1.0,0.0
2019-10-01,45264,-63757,266113,80.99950753844988,17.009315591496847,-18202.0,-0.06839951449196394,1.0,0.0
2019-10-08,47492,-64999,269712,82.91159252268395,17.60841193569437,-14069.0,-0.05216304799193214,1.0,0.0
2019-10-15,41759,-61812,264435,77.41858214603953,15.791782479626374,-12757.0,-0.048242479248208445,1.0,0.0
2019-10-22,44110,-62405,266986,79.6711667257519,16.52146554500985,-6524.0,-0.024435738203501308,1.0,0.0
2019-10-29,49355,-54069,269194,84.6966053138384,18.334361092743524,4091.0,0.015197218362964999,1.0,0.0
2019-11-05,42502,-53322,274558,78.13047935689717,15.480153555897115,-4990.0,-0.018174666190750224,1.0,0.0
2019-11-12,32624,-47463,270032,68.6659831942435,12.081531077798187,-9135.0,-0.03382932393197843,0.0,0.0
2019-11-19,40716,-45574,268541,76.4192432618881,15.161930580432784,-3394.0,-0.012638665976517553,1.0,0.0
2019-11-26,48899,-48273,235619,84.25969397043184,20.75341971572751,-456.0,-0.0019353277961454722,1.0,0.0
2019-12-03,44942,-49466,234417,80.46833829968669,19.17181774359368,2440.0,0.010408801409454093,1.0,0.0
2019-12-10,29957,-45114,233676,66.11062671866166,12.819887365411939,-2667.0,-0.011413238843526935,0.0,0.0
2019-12-17,36574,-48332,237541,72.4506318926118,15.396920952593446,-4142.0,-0.017436989824914435,0.0,0.0
2019-12-24,54570,-52814,260191,89.69329973459553,20.973054410029555,5671.0,0.0217955271319915,1.0,0.0
2019-12-31,60365,-60426,262951,95.24571472372064,22.956748595745978,15423.0,0.05865351339222897,1.0,0.0
2020-01-07,58788,-59396,273133,93.73472966110626,21.52358008735671,28831.0,0.105556633581442,1.0,0.0
2020-01-14,58440,-59658,270359,93.40129732008546,21.615703564519766,21866.0,0.08087764786820487,1.0,0.0
2020-01-21,58066,-61139,270106,93.0429533673792,21.4974861720954,3496.0,0.012943066795998609,1.0,0.0
2020-01-28,48962,-59478,262732,84.32005672182353,18.635720049327833,-11403.0,-0.043401641216144204,1.0,0.0
2020-02-04,56840,-59641,258764,91.86827506251856,21.96596126199935,-1948.0,-0.007528095098236231,1.0,0.0
2020-02-11,56011,-59292,255507,91.07397790531671,21.92151291354053,-2429.0,-0.009506588860579162,1.0,0.0
2020-02-18,68443,-64477,277951,100.0,24.624124396026637,10377.0,0.03733391856838076,1.0,0.0
2020-02-25,62850,-63821,271189,94.79648323021817,23.17571877915402,13888.0,0.05121151669131123,1.0,0.0
2020-03-03,30953,-56815,236186,65.12071451830488,13.10534917395612,-25887.0,-0.10960429492010534,0.0,0.0
2020-03-10,28661,-50620,229521,62.98832395217937,12.487310529319757,-27350.0,-0.11916120964966169,0.0,0.0
2020-03-17,22960,-48291,234263,57.684328045773825,9.800950214075634,-45483.0,-0.19415357952386847,0.0,0.0
2020-03-24,14925,-42127,221086,50.20886635344467,6.750766669983626,-47925.0,-0.21677084935274057,0.0,0.0
2020-03-31,17718,-40763,191043,52.807368470019064,9.274351847489832,-13235.0,-0.06927759719016138,0.0,0.0
2020-04-07,16002,-41964,191261,51.210866632553376,8.366577608608132,-12659.0,-0.06618704283675188,0.0,0.0
2020-04-14,14789,-41787,197471,50.08233707028887,7.489200945961685,-8171.0,-0.041378227689129035,0.0,0.0
2020-04-21,13515,-37170,192775,48.8970554030795,7.010763843859421,-1410.0,-0.007314226429775645,0.0,0.0
2020-04-28,14189,-36458,176436,49.52411964460157,8.042009567208506,-3529.0,-0.0200015869777143,0.0,0.0
2020-05-05,10127,-34893,171230,45.744987672698514,5.914267359691642,-5875.0,-0.03431057641768382,0.0,0.0
2020-05-12,13669,-38050,175184,49.040331209005906,7.8026532103388435,-1120.0,-0.006393277924924651,0.0,0.0
2020-05-19,21117,-42020,203613,55.969670186537655,10.37114526086252,7602.0,0.03733553358577301,0.0,0.0
2020-05-26,26570,-43605,196716,52.61841718152398,13.506781349763111,12381.0,0.06293844933813213,0.0,0.0
2020-06-02,27173,-46336,212267,46.39424325868966,12.801330399920854,17046.0,0.08030452213485846,0.0,0.0
2020-06-09,23610,-43713,215910,29.612999450506315,10.935111852160622,9941.0,0.04604233245333704,0.0,0.0
2020-06-16,27573,-45563,215897,29.916317991631797,12.771367828177324,6456.0,0.029903148260513115,0.0,0.0
2020-06-23,29173,-47601,226475,32.65999039714658,12.881333480516613,2603.0,0.011493542333590904,0.0,0.0
2020-06-30,35731,-42830,202582,43.90561766925029,17.637796052956332,8558.0,0.04224462193087244,0.0,0.0
2020-07-07,36405,-41829,203565,45.061389670073396,17.883722643872964,12795.0,0.06285461646157248,0.0,0.0
2020-07-14,43021,-48017,218608,56.406475066877015,19.679517675473907,15448.0,0.07066530044646124,0.0,0.0
2020-07-21,47647,-48431,241975,64.33911790932163,19.69087715673107,18474.0,0.07634673003409444,0.0,0.0
2020-07-28,32162,-43402,239166,37.785513409698886,13.447563616902066,-3569.0,-0.014922689679971233,0.0,0.0
2020-08-04,31539,-47659,267497,36.71719596680156,11.790412602758161,-4866.0,-0.01819085821523232,0.0,0.0
2020-08-11,22949,-43459,264548,21.98710473969408,8.674796256255954,-20072.0,-0.07587280947124908,0.0,1.0
2020-08-18,31615,-45930,268440,36.847520406063516,11.777305915660856,-16032.0,-0.0597228430934287,0.0,0.0
2020-08-25,37578,-49003,256408,47.072844502366415,14.655548968830926,5416.0,0.021122585878755734,0.0,0.0
2020-09-01,37713,-51193,219622,47.304341861581726,17.171776962235114,6174.0,0.02811193778401071,0.0,0.0
2020-09-08,35742,-49709,209269,43.924480417038204,17.0794527617564,12793.0,0.061131844659266306,0.0,0.0
2020-09-15,39287,-53184,213298,50.0034295905069,18.418831869028306,7672.0,0.0359684572757363,0.0,0.0
2020-09-22,35583,-49204,207152,43.651827971740175,17.177241832084654,-1995.0,-0.009630609407584768,0.0,0.0
2020-09-29,35772,-50178,198138,43.975924274641606,18.054083517548374,-1941.0,-0.009796202646640221,0.0,0.0
2020-10-06,35628,-49455,196557,43.72899375814528,18.126039774721836,-114.0,-0.0005799844319968253,0.0,0.0
2020-10-13,34472,-50052,201615,41.74669044516085,17.09793418148451,-4815.0,-0.023882151625623092,0.0,0.0
2020-10-20,40065,-51774,202338,51.337540297688456,19.80102600598998,4482.0,0.022151054176674675,0.0,0.0
2020-10-27,41773,-51637,197981,54.26641059057549,21.09949944691662,6001.0,0.03031098943838045,0.0,0.0
2020-11-03,41447,-50059,193065,53.70738733795185,21.46789941211509,5819.0,0.03014010825369694,0.0,0.0
2020-11-10,41406,-50132,196457,53.63708073256053,21.076367856579303,6934.0,0.0352952554503021,0.0,0.0
2020-11-17,43921,-50346,201224,57.94979079497908,21.826919254164512,3856.0,0.019162724128334592,0.0,0.0
2020-11-24,42087,-49640,182803,54.80485630015776,23.023145134379632,314.0,0.0017176960990793369,0.0,0.0
2020-12-01,43473,-53084,176662,57.181562521434934,24.60800851343243,2026.0,0.01146822746261222,0.0,0.0
2020-12-08,43667,-53843,180263,57.5142328006036,24.224050415226642,2261.0,0.012542784709008504,0.0,0.0
2020-12-15,44187,-53707,183576,58.40592633239591,24.070139887567002,266.0,0.0014489911535276942,0.0,0.0
2020-12-21,48680,-57698,202742,66.1105014061321,24.010811770624734,6593.0,0.032519162285071665,0.0,0.0
2020-12-29,47453,-55959,195771,64.00644763015296,24.23903438200755,3980.0,0.020329875211343867,0.0,0.0
2021-01-05,47633,-56537,207653,64.31511077577338,22.93874877800947,3966.0,0.019099170250369606,0.0,0.0
2021-01-12,43395,-51645,198448,57.047808491666096,21.867189389663793,-792.0,-0.003990969926630654,0.0,0.0
2021-01-19,41495,-50820,193687,53.78969751011729,21.42374036460888,-7185.0,-0.037095933129223956,0.0,0.0
2021-01-26,44320,-52750,190750,58.63399410110433,23.234600262123198,-3133.0,-0.016424639580602883,0.0,0.0
2021-02-02,40615,-55603,215675,52.280677687084165,18.831575286889997,-7018.0,-0.032539700938912716,0.0,0.0
2021-02-09,39691,-56791,214070,50.696206872899374,18.541131405614987,-3704.0,-0.017302751436446023,0.0,0.0
2021-02-16,40990,-55726,218166,58.53801946019763,18.788445495631766,-505.0,-0.002314751152791911,0.0,0.0
2021-02-23,39421,-55900,198143,75.9837107358701,19.895227184407222,-4899.0,-0.024724567610261275,1.0,0.0
2021-03-02,31506,-51358,184214,55.45353150208804,17.10293463037554,-9109.0,-0.04944792469627716,0.0,0.0
2021-03-09,27677,-49394,180166,45.52174928021165,15.361943984991619,-12014.0,-0.0666829479480035,0.0,0.0
2021-03-16,25913,-48006,183447,40.946229865380126,14.125605760791945,-15077.0,-0.08218722573822412,0.0,0.0
2021-03-23,22895,-46825,183571,33.11804528830441,12.472013553339035,-16526.0,-0.09002511289909626,0.0,0.0
2021-03-30,21236,-42717,173458,28.814878219593805,12.242733111185416,-10270.0,-0.05920741620449907,0.0,0.0
2021-04-06,24884,-45018,173978,38.27717687339507,14.302957845244801,-2793.0,-0.016053753922909794,0.0,0.0
2021-04-13,28885,-47003,182328,48.6550981765362,15.842328111974025,2972.0,0.01630029397569216,0.0,0.0
2021-04-20,34405,-49027,189836,62.973050086893366,18.1235382119303,11510.0,0.06063128173792115,0.0,0.0
2021-04-27,37328,-51298,189791,70.55482063652634,19.667950535062253,16092.0,0.084788003646116,0.0,0.0
2021-05-04,43426,-52982,187620,84.9932878238268,23.14572007248694,18542.0,0.09882741711971005,1.0,0.0
2021-05-11,47823,-54662,204913,96.8907593513043,23.33819718612289,18938.0,0.09241970982807338,1.0,0.0
2021-05-18,46529,-54012,212335,92.16222125054657,21.913014811500695,12124.0,0.05709845291638213,1.0,0.0
2021-05-25,45294,-53551,207190,87.66214837487247,21.861093682127517,7966.0,0.038447801534823106,1.0,0.0
2021-06-01,42529,-53519,210212,77.58708643054948,20.2314806005366,-897.0,-0.004267120811371377,1.0,0.0
2021-06-08,44384,-51784,211390,84.34630520332314,20.996262831732814,-3439.0,-0.016268508444108046,1.0,0.0
2021-06-15,46557,-50666,221103,92.26424719428654,21.056702080026053,28.0,0.0001266378113367978,1.0,0.0
2021-06-22,29882,-43947,200308,31.5041539134237,14.918026239591029,-15412.0,-0.0769415100744853,0.0,0.0
2021-06-29,33142,-44461,174272,43.38288879172133,19.017398090341537,-9387.0,-0.05386407455012854,0.0,0.0
2021-07-06,35557,-48786,175042,52.182626439294566,20.313410495766732,-8827.0,-0.05042789730464688,0.0,0.0
2021-07-13,34678,-46828,172466,48.979740562600206,20.107151554509294,-11879.0,-0.0688773439402549,0.0,0.0
2021-07-20,26247,-42659,171436,18.259000145751347,15.310086562915606,-3635.0,-0.021203247859259432,0.0,1.0
2021-07-27,21189,-40232,167589,0.0,12.643431251454452,-11953.0,-0.07132329687509323,0.0,1.0
2021-08-03,25898,-41600,162681,17.129242297479173,15.919498896613618,-9659.0,-0.059373866646996266,0.0,1.0
2021-08-10,11904,-35732,174562,0.0,6.819353582108363,-22774.0,-0.13046367479749316,0.0,1.0
2021-08-17,9758,-34246,174235,0.0,5.600482107498493,-16489.0,-0.09463655407926076,0.0,1.0
2021-08-24,10176,-35015,171154,1.0739427573094908,5.945522745597532,-11013.0,-0.06434556013882235,0.0,1.0
2021-08-31,12425,-34336,156779,6.852165870201943,7.925168549359289,-13473.0,-0.08593625421772048,0.0,1.0
2021-09-07,17912,-35568,156487,20.949591490673654,11.446318224517052,6008.0,0.03839296554985398,0.0,1.0
2021-09-14,14078,-35000,157262,11.099121319562201,8.951940074525314,4320.0,0.0274700817743638,0.0,1.0
2021-09-21,900,-30322,165412,0.0,0.5440959543443039,-9276.0,-0.056078156361086255,0.0,1.0
2021-09-28,3518,-30570,157641,5.479280033486814,2.231652932929885,-8907.0,-0.05650179839001275,0.0,1.0
2021-10-05,4630,-30275,157387,7.806613645876936,2.9417931595366835,-13282.0,-0.08439070571267004,0.0,1.0
2021-10-12,4972,-31379,157428,8.522394307241523,3.158269177020606,-9106.0,-0.05784231521711512,0.0,1.0
2021-10-19,19608,-38065,164503,39.1544579321892,11.91953946128642,18708.0,0.11372436976833249,0.0,0.0
2021-10-26,29180,-41725,159340,59.18794474675596,18.31304129534329,25662.0,0.1610518388351952,0.0,0.0
2021-11-02,23941,-40571,159275,48.22310590205107,15.031235284884634,19311.0,0.1212431329461623,0.0,0.0
2021-11-09,27469,-43699,165209,55.606948514022605,16.626818151553486,22497.0,0.13617296878499355,0.0,0.0
2021-11-16,35870,-45639,177157,73.1896190874843,20.247577007964686,16262.0,0.09179428416602223,0.0,0.0
2021-11-23,29887,-44012,164119,60.66764336542486,18.210566722926657,707.0,0.004307849791919278,0.0,0.0
2021-11-30,27578,-39779,152592,55.835077438258686,18.073031351578063,3637.0,0.023834801300199226,0.0,0.0
2021-12-07,17860,-38070,151536,35.496023440770195,11.785978249392883,-9609.0,-0.0634106746911625,0.0,0.0
2021-12-14,9569,-34552,157433,18.143574717455003,6.078141177516785,-26301.0,-0.16706154364078687,0.0,1.0
2021-12-21,11103,-33759,157178,21.74413400677706,7.063965694944585,-18784.0,-0.1195078191604423,0.0,1.0
2021-12-28,17699,-35624,153770,35.80120623148563,11.510047473499382,-9879.0,-0.06424530142420498,0.0,0.0
2022-01-04,21909,-36965,153194,44.773352087462435,14.301473948065851,4049.0,0.026430539055054377,0.0,0.0
2022-01-11,17890,-36765,159030,36.208256079108324,11.249449789347922,8321.0,0.05232346098220462,0.0,0.0
2022-01-18,23827,-41716,164474,48.860899771966835,14.486788185366684,12724.0,0.07736177146539878,0.0,0.0
2022-01-25,27440,-43351,171234,56.56074846024338,16.02485487695201,9741.0,0.05688706682084166,0.0,0.0
2022-02-01,11573,-37126,164883,22.74577499307376,7.018916443781348,-10336.0,-0.06268687493556037,0.0,1.0
2022-02-08,10139,-36068,164000,19.689704409351492,6.182317073170732,-7751.0,-0.04726219512195122,0.0,1.0
2022-02-15,17645,-37025,174468,35.68612407561324,10.11360249444024,-6182.0,-0.035433431918747274,0.0,0.0
2022-02-22,26090,-41318,183956,53.68369456343372,14.182739350714302,-1350.0,-0.007338711430994368,0.0,0.0
2022-03-01,42723,-46126,177613,89.13112972316348,24.053982535062186,31150.0,0.17538130654850714,1.0,0.0
2022-03-08,49248,-50524,196590,100.0,25.05112162368381,39109.0,0.19893687369652577,1.0,0.0
2022-03-15,48467,-45466,183486,98.38462811284852,26.41454933891414,30822.0,0.1679801183741539,1.0,0.0
2022-03-22,44242,-44870,177982,89.64590055431455,24.857569866615727,18152.0,0.10198784146711465,1.0,0.0
2022-03-29,42429,-42262,165451,85.89600397120873,25.644450622843017,-294.0,-0.0017769611546621055,1.0,0.0
2022-04-05,39321,-40071,165833,79.46760982874163,23.7112034396049,-9927.0,-0.05986142685713941,1.0,0.0
2022-04-12,42817,-42699,179538,86.69851907007529,23.84843320077087,-5650.0,-0.03146966101883724,1.0,0.0
2022-04-19,41282,-43099,189675,83.52362041863158,21.764597337551077,-2960.0,-0.015605641228417028,1.0,0.0
2022-04-26,26534,-38616,160435,53.01977331016795,16.538785177797863,-15895.0,-0.0990743914981145,0.0,0.0
2022-05-03,15261,-33854,156021,29.703400347480763,9.781375584055993,-24060.0,-0.15421001019093583,0.0,0.0
2022-05-10,1704,-29465,166133,1.6629436584760486,1.0256842409394884,-41113.0,-0.24747040022150926,0.0,1.0
2022-05-17,670,-28504,168504,0.0,0.39761667378815935,-40612.0,-0.24101505008783175,0.0,1.0
2022-05-24,-541,-28157,170599,0.0,-0.3171179198002333,-27075.0,-0.15870550237691897,0.0,1.0
2022-05-31,3197,-30080,166187,7.507682419811605,1.9237365136863895,-12064.0,-0.07259292243075571,0.0,1.0
2022-06-07,7620,-32292,168914,16.391170740525016,4.511171365310158,5916.0,0.03502373989130563,0.0,1.0
2022-06-14,1802,-28191,174439,4.705858723814497,1.0330258715080916,1132.0,0.006489374509140731,0.0,1.0
2022-06-21,7809,-30606,167369,16.77077266062785,4.665738577633851,8350.0,0.04988976453226105,0.0,1.0
2022-06-28,993,-24320,150547,3.081001827712949,0.659594678073957,-2204.0,-0.014639946329053386,0.0,1.0
2022-07-05,-8309,-18808,158141,0.0,-5.254171909877893,-15929.0,-0.10072656679798407,0.0,1.0
2022-07-12,-9942,-18489,161144,0.0,-6.169637094772377,-11744.0,-0.07287891575237056,0.0,1.0
2022-07-19,-13489,-18204,165200,0.0,-8.165254237288137,-21298.0,-0.1289225181598063,0.0,1.0
2022-07-26,-17493,-17025,162870,0.0,-10.740467857800699,-18486.0,-0.11350156566586848,0.0,1.0
2022-08-02,-8396,-20181,154698,13.630302213032468,-5.427348769861278,-87.0,-0.0005623860683396036,0.0,1.0
2022-08-09,-6229,-22813,160670,16.87718194213452,-3.876890520943549,3713.0,0.02310947905645111,0.0,1.0
2022-08-16,-5766,-22598,163698,17.57090843709264,-3.5223399186306494,7723.0,0.047178340602817385,0.0,1.0
2022-08-23,-15634,-19379,163761,2.7853942853718103,-9.546839601614549,1859.0,0.011351909184726523,0.0,1.0
2022-08-30,-21059,-17667,153162,0.0,-13.749493999817187,-12663.0,-0.08267716535433071,0.0,1.0
2022-09-06,-24632,-16954,155580,0.0,-15.83236919912585,-18403.0,-0.11828641213523589,0.0,1.0
2022-09-13,-7459,-20970,157138,23.24445046020574,-4.746783082386183,-1693.0,-0.010773969377235296,0.0,1.0
2022-09-20,-7095,-23591,155186,23.737141310232808,-4.571933035196474,8539.0,0.05502429342853092,0.0,1.0
2022-09-27,-8087,-23530,146871,22.394423389279915,-5.506192509072587,12972.0,0.08832240537614641,0.0,1.0
2022-10-04,7159,-28614,156472,43.030590146183,4.575259471343116,31791.0,0.20317373076333145,0.0,0.0
2022-10-11,1123,-26996,150971,34.86058473199783,0.7438514681627597,8582.0,0.05684535440581304,0.0,0.0
2022-10-18,-7599,-21209,160998,23.054953979426095,-4.719934409123095,-504.0,-0.0031304736704803786,0.0,1.0
2022-10-25,-6062,-23316,166762,25.135354629128315,-3.6351207109533346,2025.0,0.012143054173013037,0.0,0.0
2022-11-01,-3468,-25856,162811,28.64645370871684,-2.130077206085584,-10627.0,-0.06527200250597319,0.0,0.0
2022-11-08,12493,-31507,176248,50.25040606388739,7.088307385048341,11370.0,0.06451137034179111,0.0,0.0
2022-11-15,15894,-31997,176174,54.85381700054142,9.021762575635451,23493.0,0.13335111878029676,0.0,0.0
2022-11-22,12626,-32937,147153,50.430427720628046,8.580185249366306,18688.0,0.12699707107568314,0.0,0.0
2022-11-29,14695,-32550,141325,53.23091499729291,10.398018751105607,18163.0,0.12851937024588714,0.0,0.0
2022-12-06,14657,-32749,147259,53.17948023822415,9.953211688249954,2164.0,0.014695196897982467,0.0,0.0
2022-12-13,22034,-36196,157749,63.164591229020026,13.967758908138878,6140.0,0.03892259221928507,0.0,0.0
2022-12-20,29995,-37452,163315,73.94017325392528,18.366347243057895,17369.0,0.10635275388053761,0.0,0.0
2022-12-27,30187,-37660,153052,74.20005414185165,19.72336199461621,15492.0,0.10122050022214672,0.0,0.0
2023-01-03,29385,-37522,157149,73.11451001624255,18.698814500887693,14728.0,0.09371997276470101,0.0,0.0
2023-01-10,24610,-34624,155260,66.65132647536545,15.850830864356563,2576.0,0.016591523895401264,0.0,0.0
2023-01-17,28042,-37104,161155,71.29669734704926,17.400639136235302,-1953.0,-0.01211876764605504,0.0,0.0
2023-01-24,20923,-35433,163290,61.66080129940445,12.813399473329659,-9264.0,-0.05673341907036561,0.0,0.0
2023-01-31,24846,-36038,164319,66.97076340010828,15.120588611177041,-4539.0,-0.027623098972121302,0.0,0.0
2023-02-07,6064,-30131,159869,41.548456957227934,3.793105605214269,-18546.0,-0.11600748112517123,0.0,0.0
2023-02-14,5524,-29611,157876,40.81754195993503,3.498948541893638,-22518.0,-0.142630925536497,0.0,0.0
2023-02-21,5564,-27957,150612,40.87168381158636,3.694260749475473,-15359.0,-0.10197726608769554,0.0,0.0
2023-02-28,-7093,-22923,142562,23.739848402815376,-4.975379133289376,-31939.0,-0.22403585808279905,0.0,1.0
2023-03-07,-18205,-19841,149186,8.792185939616138,-12.20288767042484,-24269.0,-0.16267612242435617,0.0,1.0
2023-03-14,-3762,-24115,148290,30.30171036966054,-2.536920898239935,-9286.0,-0.06262054083215321,0.0,0.0
2023-03-21,886,-24731,147455,37.833029399991105,0.6008612797124546,-4678.0,-0.03172493303041606,0.0,0.0
2023-03-28,10832,-26658,142125,52.57898560393779,7.621459982409851,17925.0,0.12612137203166227,0.0,0.0
2023-04-04,19493,-29467,167721,65.4197986626933,11.622277472707651,37698.0,0.22476612946500438,0.0,0.0
2023-04-11,19231,-30147,179554,66.54580210577419,10.710426946768104,22993.0,0.12805618365505642,0.0,0.0
2023-04-18,21753,-30600,198253,84.61482332767835,10.972343419771706,20867.0,0.10525439715918548,1.0,0.0
2023-04-25,25167,-31013,177176,90.84259107243838,14.204519799521382,14335.0,0.08090824942430126,1.0,0.0
2023-05-02,27131,-32317,173948,94.42529050146847,15.59718996481707,7638.0,0.043909674155494745,1.0,0.0
2023-05-09,27169,-31678,179369,94.49460953319104,15.1469874950521,7938.0,0.04425513884784996,1.0,0.0
2023-05-16,13443,-28195,172607,69.45584560097777,7.788212529039957,-8310.0,-0.04814404977781898,0.0,0.0
2023-05-23,13177,-26344,168944,68.97061237891971,7.799625911544654,-11990.0,-0.07097026233544844,0.0,0.0
2023-05-30,10278,-26094,160119,63.682299932505146,6.418975886684279,-16853.0,-0.10525296810497192,0.0,0.0
2023-06-06,11500,-24792,165679,65.91145405789963,6.941133155076987,-15669.0,-0.09457444817991417,0.0,0.0
2023-06-13,14637,-26090,182439,71.63392254510298,8.022955618042195,1194.0,0.006544653281370759,0.0,0.0
2023-06-20,11301,-26437,180652,65.54844123387876,6.255673892345504,-1876.0,-0.010384606868454266,0.0,0.0
2023-06-27,11635,-26610,143600,66.15771903901931,8.102367688022284,1357.0,0.009449860724233983,0.0,0.0
2023-07-03,10383,-27999,134719,63.8738393622649,7.707153408205227,-1117.0,-0.008291332328773224,0.0,0.0
2023-07-11,6448,-29548,143015,56.69567120888743,4.508617977135265,-8189.0,-0.05725972800055938,0.0,0.0
2023-07-18,30515,-38188,178445,100.0,17.10050715906862,19214.0,0.10767463364061755,1.0,0.0
2023-07-25,20718,-33881,177664,82.23475438373801,11.66133825648415,9083.0,0.05112459474063401,1.0,0.0
2023-08-01,13231,-31423,168393,68.65831323553412,7.8572149673680025,2848.0,0.016912817041088407,0.0,0.0
2023-08-08,-3753,-29790,162552,37.86062705133552,-2.308799645651853,-10201.0,-0.06275530291845072,0.0,0.0
2023-08-15,-6688,-28118,164348,32.53848804105391,-4.069413683160124,-37203.0,-0.22636722077542776,0.0,0.0
2023-08-22,1479,-28744,164520,47.34799717119698,0.898978847556528,-19239.0,-0.11694018964259664,0.0,0.0
2023-08-29,17479,-32346,158360,76.36136145211889,11.037509472088912,4248.0,0.026824955796918414,1.0,0.0
2023-09-05,13978,-31163,150365,66.05706075533662,9.296046287367405,17731.0,0.11791972866026003,0.0,0.0
2023-09-12,1184,-28879,147426,39.796798029556655,0.8031147830097812,7872.0,0.05339628016767734,0.0,0.0
2023-09-19,2356,-27351,149236,42.20238095238095,1.5787075504569943,877.0,0.005876598139859015,0.0,0.0
2023-09-26,5846,-27843,144429,49.36576354679803,4.047663557872727,-11633.0,-0.08054476594035824,0.0,0.0
2023-10-03,-1848,-27391,152797,33.57348111658457,-1.2094478294730917,-15826.0,-0.10357533197641315,0.0,0.0
2023-10-10,-4079,-27623,156406,28.99425287356322,-2.607956216513433,-5263.0,-0.03364960423513164,0.0,0.0
2023-10-17,5014,-30296,155856,47.65804597701149,3.217072169181809,2658.0,0.017054203880505082,0.0,0.0
2023-10-24,8909,-31326,157185,55.652709359605915,5.667843623755448,3063.0,0.019486592232083214,0.0,0.0
2023-10-31,6636,-29404,153807,50.987274220032845,4.314498039751117,8484.0,0.055160038229729466,0.0,0.0
2023-11-07,2231,-28855,157076,41.94581280788177,1.4203315592452062,6310.0,0.040171636659960784,0.0,0.0
2023-11-14,9584,-29366,163012,57.03817733990147,5.8793217677226215,4570.0,0.02803474590827669,0.0,0.0
2023-11-21,16665,-33272,168361,71.57224958949097,9.898373138672257,7756.0,0.04606767600572579,0.0,0.0
2023-11-28,25897,-37052,167341,90.52134646962233,15.475585779934386,19261.0,0.11510030416933088,1.0,0.0
2023-12-05,22914,-36585,165798,84.39860426929393,13.820432092063836,20683.0,0.124748187553529,1.0,0.0
2023-12-12,8924,-33433,157963,55.683497536945815,5.649424232256921,-660.0,-0.004178193627621658,0.0,0.0
2023-12-19,16222,-35686,154345,70.66297208538587,10.510220609673135,-443.0,-0.0028701933979072857,0.0,0.0
2023-12-26,17022,-36175,150121,72.30500821018062,11.338853324984512,-8875.0,-0.05911897735826433,0.0,0.0
2024-01-02,15952,-36890,153882,70.10878489326765,10.366384632380656,-6962.0,-0.04524245850716783,0.0,0.0
2024-01-09,7886,-36076,151878,53.552955665024626,5.192325419086372,-1038.0,-0.006834432900090863,0.0,0.0
2024-01-16,6030,-35912,154103,49.743431855500816,3.9129673010908292,-10192.0,-0.06613758330467284,0.0,0.0
2024-01-23,-3165,-31666,162538,30.870279146141215,-1.9472369538200296,-20187.0,-0.12419864893132683,0.0,0.0
2024-01-30,5046,-34928,158846,47.72372742200328,3.1766616723115466,-10906.0,-0.06865769361519963,0.0,0.0
2024-02-06,-4784,-31480,169902,27.547208538587846,-2.815740838836506,-12670.0,-0.07457240056032301,0.0,0.0
2024-02-13,-9632,-30175,176783,17.596469622331693,-5.448487693952473,-15662.0,-0.08859449155178949,0.0,1.0
2024-02-20,5363,-35147,172844,48.3743842364532,3.102797898683206,8528.0,0.04933928860706765,0.0,0.0
2024-02-27,-4143,-33454,162469,28.862889983579638,-2.5500249278323865,-9189.0,-0.056558481925782764,0.0,0.0
2024-03-05,15530,-35271,166332,62.67467058559792,9.336748190366254,20314.0,0.12212923550489382,0.0,0.0
2024-03-12,26661,-35286,175805,90.40027897476773,15.165097693467194,36293.0,0.20643895224822958,1.0,0.0
2024-03-19,37819,-37920,192474,100.0,19.648887641967228,32456.0,0.1686253727776219,1.0,0.0
2024-03-26,30182,-35987,191539,83.9055025183874,15.757626384182855,34325.0,0.1792063235163596,1.0,0.0
2024-04-02,34084,-38580,211009,92.12872226085858,16.15286551758456,18554.0,0.08792989872469895,1.0,0.0
2024-04-09,38496,-41435,239453,100.0,16.076641345065628,11835.0,0.0494251481501589,1.0,0.0
2024-04-16,40962,-40861,242471,100.0,16.89356665333174,3143.0,0.012962374881944645,1.0,0.0
2024-04-23,39955,-41508,238980,98.00964541249951,16.71897229893715,9773.0,0.04089463553435434,1.0,0.0
2024-04-30,33760,-37983,213662,85.76511048740957,15.800657112635847,-324.0,-0.0015164137750278478,1.0,0.0
2024-05-07,34914,-38232,211935,88.04601336126814,16.47391889022578,-3582.0,-0.016901408450704224,1.0,0.0
2024-05-14,41621,-41556,229581,100.0,18.129113471933653,659.0,0.002870446596190451,1.0,0.0
2024-05-21,37703,-40506,270380,92.35556943008214,13.94444855388712,-2252.0,-0.00832901841852208,1.0,0.0
2024-05-28,39529,-40758,254066,95.91828770998771,15.558555650893863,5769.0,0.02270669825950737,1.0,0.0
2024-06-04,35801,-40477,241243,88.64456714728894,14.840223343267992,887.0,0.0036767906219040553,1.0,0.0
2024-06-11,29600,-38572,238410,76.54576317483854,12.415586594522042,-12021.0,-0.05042154272052347,1.0,0.0
2024-06-18,32159,-38371,236418,81.53864164048935,13.602602170731501,-5544.0,-0.023449991117427606,1.0,0.0
2024-06-25,32990,-37906,205154,83.16001014574756,16.080602864189828,-6539.0,-0.031873616892675746,1.0,0.0
2024-07-02,32472,-36451,195047,82.14933759975025,16.648295026326988,-3329.0,-0.017067681123011377,1.0,0.0
2024-07-09,39803,-39442,209854,96.45289056250365,18.9669961020519,10203.0,0.04861951642570549,1.0,0.0
2024-07-16,38638,-39130,216464,94.1798528866603,17.849619336240668,6479.0,0.029931073989208367,1.0,0.0
2024-07-23,25801,-35266,202087,69.1335141357579,12.767273501016888,-7189.0,-0.03557378752715415,0.0,0.0
2024-07-30,24930,-32743,191373,67.43410141845355,13.026916022636422,-7542.0,-0.0394099481118026,0.0,0.0
2024-08-06,24904,-31179,191308,67.38337268062358,13.017751479289942,-14899.0,-0.07787964957032638,0.0,0.0
2024-08-13,24257,-30858,192385,66.1210075507775,12.608571354315565,-14381.0,-0.07475115003768486,0.0,0.0
2024-08-20,31998,-32477,194858,81.22451368700368,16.42118876309928,6197.0,0.03180264602941629,1.0,0.0
2024-08-27,35282,-33297,178082,87.63194349599048,19.812221336238363,10352.0,0.05813052414056446,1.0,0.0
2024-09-03,26501,-28390,165032,70.49928784656508,16.05809782345242,1597.0,0.009676911144505309,0.0,0.0
2024-09-10,27090,-29008,162923,71.64848886894426,16.627486604101325,2833.0,0.017388582336441142,0.0,0.0
2024-09-17,42312,-35195,185317,100.0,22.832228020095297,10314.0,0.05565598407053859,1.0,0.0
2024-09-24,46088,-37068,201632,100.0,22.857482939216,10806.0,0.053592683700999844,1.0,0.0
2024-10-01,38379,-35884,189735,86.16475233309404,20.227685983081667,11878.0,0.06260310432972303,1.0,0.0
2024-10-08,34744,-33989,186046,79.64106245513281,18.674951356116228,7654.0,0.04114036313599862,1.0,0.0
2024-10-15,35532,-35017,186406,81.05527638190955,19.061618188255743,-6780.0,-0.03637221977833332,1.0,0.0
2024-10-22,47360,-39294,224501,100.0,21.095674406795514,1272.0,0.005665899038311634,1.0,0.0
2024-10-29,41169,-38906,209149,89.1370718697361,19.68405299571119,2790.0,0.013339772124179413,1.0,0.0
2024-11-05,33073,-34835,200312,74.93156934306569,16.510743240544752,-1671.0,-0.008341986501058348,0.0,0.0
2024-11-12,24061,-33601,191878,59.118823694553626,12.539738792357644,-11471.0,-0.059782778640594544,0.0,0.0
2024-11-19,25896,-35081,185168,62.338573834924205,13.98513782078977,-21464.0,-0.11591635703793313,0.0,0.0
2024-11-26,23233,-33727,161693,57.66598820887142,14.368587384735271,-17936.0,-0.11092626149555021,0.0,0.0
2024-12-03,24893,-32292,162559,60.57867770915216,15.313209357833154,-8180.0,-0.05032019143818552,0.0,0.0
2024-12-10,30685,-34364,184252,70.74150758001123,16.65382193951762,6624.0,0.03595076308533964,0.0,0.0
2024-12-17,22078,-33562,177569,55.6393879842785,12.433476564039895,-3818.0,-0.021501500825031397,0.0,0.0
2024-12-24,20590,-33303,176109,53.02849522740034,11.69162280178753,-2643.0,-0.015007750881556309,0.0,0.0
2024-12-31,16824,-32879,176589,46.42055025266704,9.527207243939317,-8069.0,-0.04569367287883164,0.0,0.0
2025-01-07,25609,-32847,178965,61.83499438517687,14.309501857905177,-5076.0,-0.028363087754588887,0.0,0.0
2025-01-14,28803,-32828,179637,67.43928972487366,16.03400190383941,6725.0,0.03743660827112454,0.0,0.0
2025-01-21,29549,-33315,192024,68.7482453677709,15.388180644086155,8959.0,0.04665562638003583,0.0,0.0
2025-01-28,26318,-33627,192399,63.07902863559798,13.67886527476754,9494.0,0.04934537081793564,0.0,0.0
2025-02-04,37370,-37769,207054,82.47122403144301,18.048431810059213,11761.0,0.056801607310170296,1.0,0.0
2025-02-11,35052,-36712,196879,76.10236296914744,17.8038287476064,6249.0,0.031740307498514315,1.0,0.0
2025-02-18,39402,-38644,207446,84.548472904491,18.99385864273112,9853.0,0.04749669793584837,1.0,0.0
2025-02-25,32993,-39201,187289,54.86333647502356,17.616090640667633,6675.0,0.03564010700041113,0.0,0.0
2025-03-04,34203,-30556,170682,56.91315168980875,20.039019931803,-3167.0,-0.018554973576592727,0.0,0.0
2025-03-11,42245,-34325,182294,83.2492795389049,23.174103371476846,7193.0,0.03945823779169912,1.0,0.0
2025-03-18,49645,-36276,203446,100.0,24.40205263313115,10243.0,0.050347512362002696,1.0,0.0
2025-03-25,45806,-36922,197343,88.3032204990707,23.21136295688218,12813.0,0.06492756267007191,1.0,0.0
2025-04-01,41449,-36776,197085,75.028183175406,21.03102722175711,7246.0,0.03676586244513788,1.0,0.0
2025-04-08,21931,-31764,184810,15.560159653880138,11.866782100535685,-20314.0,-0.10991829446458524,0.0,1.0
2025-04-15,23329,-32086,174602,19.819627677401662,13.361244430189803,-26316.0,-0.15071992302493672,0.0,1.0
2025-04-22,26174,-30597,180347,28.487858383352123,14.513133015797324,-19632.0,-0.10885681491790826,0.0,0.0
2025-04-29,31252,-30811,178269,43.959659973797265,17.530810180121055,-10197.0,-0.057200074045403296,0.0,0.0
2025-05-06,30248,-30595,166457,40.900642881082234,18.171659948214856,8317.0,0.049964855788582035,0.0,0.0
2025-05-13,28460,-30386,163084,35.452911245848696,17.45112947928675,5131.0,0.03146231389958549,0.0,0.0
2025-05-20,30551,-30359,166262,41.82383230248926,18.375215022073597,4377.0,0.02632591933213843,0.0,0.0
2025-05-27,33393,-30765,167169,50.48292251911886,19.975593561007123,2141.0,0.012807398500918232,0.0,0.0
2025-06-03,45381,-32492,189056,87.00831784528198,24.00399881516588,15133.0,0.08004506601218686,1.0,0.0
2025-06-10,48793,-35607,209282,97.40410103287529,23.314475205703307,20333.0,0.09715599048174234,1.0,0.0
2025-06-17,50034,-35531,220598,100.0,22.68107598436976,19483.0,0.0883190237445489,1.0,0.0
2025-06-24,45686,-33355,205107,86.90755796446852,22.27422759827797,12293.0,0.05993457073624986,1.0,0.0
2025-07-01,45624,-29424,188086,86.72086720867209,24.256988824261242,243.0,0.001291962187509969,1.0,0.0
2025-07-08,43605,-26854,189193,80.64137308039747,23.047892892443166,-5188.0,-0.02742173336222799,1.0,0.0
2025-07-15,43927,-30182,204315,81.61096055404998,21.499645155764384,-6107.0,-0.029890120647040108,1.0,0.0
2025-07-22,45265,-29234,210124,85.6398675097862,21.542041841959986,-421.0,-0.002003578839161638,1.0,0.0
2025-07-29,43633,-29338,195420,80.72568503462813,22.327806775150957,-1991.0,-0.010188312352880974,1.0,0.0
2025-08-05,30621,-28045,188228,41.54471544715447,16.268036636419662,-12984.0,-0.06898017298170304,0.0,0.0
2025-08-12,28257,-22076,183488,34.4263775971093,15.399917160795257,-15670.0,-0.08540068015347052,0.0,0.0
2025-08-19,28787,-21549,184520,36.02228244504667,15.601018859744201,-16478.0,-0.08930197268588771,0.0,0.0
2025-08-26,34205,-23528,180977,52.33664558867811,18.900191737071562,-9428.0,-0.05209501759892141,0.0,0.0
2025-09-02,41022,-28648,193836,72.86359530261969,21.163251408407106,10401.0,0.053658763078065996,0.0,0.0
2025-09-09,37768,-26823,190124,63.06534176452876,19.864930256043426,9511.0,0.050025246681113376,0.0,0.0
2025-09-16,38128,-26898,203293,64.14935260463716,18.75519570275415,9341.0,0.0459484586286788,0.0,0.0
2025-09-23,40065,-27500,215668,69.98193315266485,18.577164901608025,5860.0,0.02717139306712169,0.0,0.0
2025-09-30,37250,-26646,211830,61.505570611261675,17.584855780578764,-3772.0,-0.017806731813246473,0.0,0.0
2025-10-07,29893,-23935,221322,39.352604637157484,13.506565095200656,-7875.0,-0.03558164122861713,0.0,0.0
2025-10-14,24963,-25877,241744,24.507678410117435,10.326212853266265,-13165.0,-0.05445843536964723,0.0,1.0
2025-10-21,18537,-24028,235573,5.158084914182475,7.8688983881854035,-21528.0,-0.09138568511671541,0.0,1.0
2025-10-28,22696,-23733,209443,17.681421258657032,10.836361205674097,-14554.0,-0.0694890733994452,0.0,1.0
2025-11-04,19577,-22885,205599,8.289671785606744,9.521933472439068,-10316.0,-0.0501753413197535,0.0,1.0
2025-11-10,23540,-23321,217297,20.222824450466728,10.833099398519078,-1423.0,-0.006548640800379204,0.0,1.0
2025-11-18,20933,-23549,215468,12.37277928334839,9.715131713293854,2396.0,0.01111998069318878,0.0,1.0
2025-11-25,20127,-24143,186438,9.94579945799458,10.795545972387604,-2569.0,-0.013779379740181723,0.0,1.0
2025-12-02,21254,-26620,209714,13.33935561577838,10.134754951982224,1677.0,0.007996604900006676,0.0,1.0
2025-12-09,27978,-28508,218564,33.58626919602529,12.800827217657071,4438.0,0.020305265276989806,0.0,0.0
2025-12-16,24297,-25020,224867,22.502258355916894,10.805053653937662,3364.0,0.014959954106205,0.0,1.0
2025-12-23,23864,-23776,224467,21.198434206564286,10.631406843767682,3737.0,0.01664832692556144,0.0,1.0
2025-12-30,16595,-26112,238801,0.0,6.949300882324613,-4659.0,-0.01950996855122047,0.0,1.0
2026-01-06,17658,-25674,235097,3.1789228146774726,7.510942291905042,-10320.0,-0.04389677452285652,0.0,1.0
2026-01-13,0,0,24032,0.0,0.0,-24297.0,-1.0110269640479361,0.0,1.0
2026-01-20,11326,-20218,244012,22.636607107167126,4.641575004507975,-12538.0,-0.051382718882677904,0.0,1.0
2026-01-27,0,0,36204,0.0,0.0,-16595.0,-0.4583747652193128,0.0,1.0
2026-02-03,0,0,32004,0.0,0.0,-17658.0,-0.5517435320584927,0.0,1.0
2026-02-10,4585,-17333,200993,9.163768637326617,2.281173971232829,4585.0,0.02281173971232829,0.0,1.0
2026-02-17,6160,-16630,198680,12.31162809289683,3.100463056170727,-5166.0,-0.02600161063015905,0.0,1.0
2026-02-24,7981,-16739,168909,15.951153215813246,4.7250294537295225,7981.0,0.04725029453729523,0.0,1.0
2026-03-03,7314,-15146,156362,14.618059719390814,4.677607091237002,7314.0,0.046776070912370016,0.0,1.0
2026-03-10,9721,-16149,158665,19.42878842387177,6.126745028834336,5136.0,0.03237008792109161,0.0,1.0
2026-03-17,9301,-14883,154886,18.58935923571971,6.005061787379105,3141.0,0.020279431323683227,0.0,1.0
2026-03-24,10915,-15359,156003,21.815165687332613,6.996660320634859,2934.0,0.01880733062825715,0.0,1.0
2026-03-31,10816,-15510,145155,21.61730023583963,7.451345113843823,3502.0,0.024125934346043883,0.0,1.0
2026-04-07,10039,-15597,144271,20.064356237758325,6.958432394590735,318.0,0.0022041851792806593,0.0,1.0
2026-04-14,11046,-16763,147580,22.076987648399086,7.484754031711614,1745.0,0.011824095405881556,0.0,1.0
2026-04-21,8863,-16317,144523,17.713954510932567,6.132587892584572,-2052.0,-0.014198432083474603,0.0,1.0
2026-04-28,10745,-17977,120653,21.475396730223448,8.905704789769008,-71.0,-0.0005884644393425774,0.0,1.0
2026-05-05,10941,-17471,117570,21.867130351361077,9.305945394233223,902.0,0.0076720251764906015,0.0,1.0
2026-05-12,16195,-19466,132647,32.367989766958466,12.209096323324312,5149.0,0.03881731211410737,0.0,0.0
